,feature_0,feature_1,feature_2,feature_3,feature_4,feature_5,feature_6,feature_7,feature_8,feature_9,feature_10,feature_11,y_train
0,-0.3193287328579242,-0.2112954975443058,-0.48642290649167236,-0.32410301045028617,0.0,-0.4289522117905443,0.0,1.107051900217165,-0.8084746655994862,0.0,0.0,0.0,290
1,-0.3193287328579242,0.08269501394478607,-0.1643223807853299,-0.020295070065653665,0.0,-0.4289522117905443,0.0,1.107051900217165,-0.8084746655994862,0.0,0.0,0.0,250
2,1.6030700180383703,1.1059590161898083,0.9306192385808899,1.0561435780934891,0.0,-0.4289522117905443,0.0,-0.9033000167416133,1.2368971379684446,0.0,0.0,0.0,269
3,1.6030700180383703,1.6568769771406426,1.4494485226918497,1.5772357006526554,0.0,-0.4289522117905443,0.0,-0.9033000167416133,1.2368971379684446,0.0,0.0,0.0,298
4,-0.3193287328579242,-0.09192033673033276,-0.12536043944976072,-0.11979269610643736,0.0,-0.4289522117905443,0.0,1.107051900217165,-0.8084746655994862,0.0,0.0,0.0,334
5,-0.3193287328579242,0.19627489056797623,0.06539508567698447,0.1418039872821537,0.0,-0.4289522117905443,0.0,1.107051900217165,-0.8084746655994862,0.0,0.0,0.0,306
6,1.030109265026849,1.153903381798795,1.4202530953625652,1.2702756725411621,0.0,-0.4289522117905443,0.0,-0.9033000167416133,1.2368971379684446,0.0,0.0,0.0,294
7,1.030109265026849,1.2014579515057182,1.7331456632233504,1.4258023294011577,0.0,-0.4289522117905443,0.0,-0.9033000167416133,1.2368971379684446,0.0,0.0,0.0,259
8,1.030109265026849,1.2486290124443107,1.6495695413750089,1.4258023294011577,0.0,-0.4289522117905443,0.0,-0.9033000167416133,1.2368971379684446,0.0,0.0,0.0,231
9,1.030109265026849,1.5685857935173078,1.8696646997727058,1.7004553127765283,0.0,-0.4289522117905443,0.0,-0.9033000167416133,1.2368971379684446,0.0,0.0,0.0,166
10,1.030109265026849,1.2486290124443107,1.6495695413750089,1.4258023294011577,0.0,-0.4289522117905443,0.0,-0.9033000167416133,1.2368971379684446,0.0,0.0,0.0,284
11,1.030109265026849,1.5685857935173078,1.8696646997727058,1.7004553127765283,0.0,-0.4289522117905443,0.0,-0.9033000167416133,1.2368971379684446,0.0,0.0,0.0,382
12,1.4821935217883844,2.530297798756237,2.1585347182820063,2.4106126719710277,0.0,-0.4289522117905443,0.0,-0.9033000167416133,1.2368971379684446,0.0,0.0,0.0,269
13,1.4821935217883844,2.5679132329275975,2.1840551824460834,2.432123485812863,0.0,-0.4289522117905443,0.0,-0.9033000167416133,1.2368971379684446,0.0,0.0,0.0,229
14,-0.3193287328579242,-0.7477145783248452,-0.8729926248804002,-0.7933520381581455,0.0,-0.4289522117905443,0.0,1.107051900217165,-0.8084746655994862,0.0,0.0,0.0,254
15,0.2884698179226985,-0.062453373375327303,0.2858596310074728,0.07751129605493676,0.0,-0.4289522117905443,0.0,1.107051900217165,-0.8084746655994862,0.0,0.0,0.0,274
16,1.030109265026849,0.11129741742012168,0.10276130344828037,0.1097474363971198,0.0,-0.4289522117905443,0.0,-0.9033000167416133,1.2368971379684446,0.0,0.0,0.0,250
17,0.2884698179226985,0.2522483306776013,0.6007526116982889,0.3920232354237402,0.0,-0.4289522117905443,0.0,1.107051900217165,-0.8084746655994862,0.0,0.0,0.0,219
18,1.030109265026849,0.22432856475398383,0.2858596310074728,0.2369158387192324,0.0,-0.4289522117905443,0.0,-0.9033000167416133,1.2368971379684446,0.0,0.0,0.0,323
19,1.030109265026849,0.6558000447360488,0.42805281126099287,0.5727963012003179,0.0,-0.4289522117905443,0.0,-0.9033000167416133,1.2368971379684446,0.0,0.0,0.0,288
20,1.030109265026849,0.6558000447360488,0.42805281126099287,0.5727963012003179,0.0,-0.4289522117905443,0.0,-0.9033000167416133,1.2368971379684446,0.0,0.0,0.0,362
21,1.030109265026849,0.6558000447360488,0.42805281126099287,0.5727963012003179,0.0,-0.4289522117905443,0.0,-0.9033000167416133,1.2368971379684446,0.0,0.0,0.0,270
22,1.030109265026849,0.6558000447360488,0.42805281126099287,0.5727963012003179,0.0,-0.4289522117905443,0.0,-0.9033000167416133,1.2368971379684446,0.0,0.0,0.0,294
23,-0.3193287328579242,-0.6494067204435949,-0.9176796456799037,-0.7558656752634331,0.0,-0.4289522117905443,0.0,1.107051900217165,-0.8084746655994862,0.0,0.0,0.0,281
24,-0.3193287328579242,-0.6494067204435949,-0.9176796456799037,-0.7558656752634331,0.0,-0.4289522117905443,0.0,1.107051900217165,-0.8084746655994862,0.0,0.0,0.0,299
25,-0.3193287328579242,-0.5527238604489589,-0.6978055258095623,-0.6083156421053404,0.0,-0.4289522117905443,0.0,1.107051900217165,-0.8084746655994862,0.0,0.0,0.0,280
26,-0.3193287328579242,-0.7147613652189789,-1.337179860298907,-0.9457883940470203,0.0,-0.4289522117905443,0.0,1.107051900217165,-0.8084746655994862,0.0,0.0,0.0,230
27,-0.3193287328579242,0.16808601743006757,-0.048258747272147136,0.07751129605493676,0.0,-0.4289522117905443,0.0,1.107051900217165,-0.8084746655994862,0.0,0.0,0.0,271
28,-0.3193287328579242,-0.6494067204435949,-0.9176796456799037,-0.7558656752634331,0.0,-0.4289522117905443,0.0,1.107051900217165,-0.8084746655994862,0.0,0.0,0.0,248
29,-0.3193287328579242,-0.5527238604489589,-0.6978055258095623,-0.6083156421053404,0.0,-0.4289522117905443,0.0,1.107051900217165,-0.8084746655994862,0.0,0.0,0.0,298
30,-0.3193287328579242,-0.2415238844876828,-0.32300391581931753,-0.2895435311795665,0.0,-0.4289522117905443,0.0,1.107051900217165,-0.8084746655994862,0.0,0.0,0.0,237
31,-0.3193287328579242,-0.7147613652189789,-1.337179860298907,-0.9457883940470203,0.0,-0.4289522117905443,0.0,1.107051900217165,-0.8084746655994862,0.0,0.0,0.0,218
32,-2.153419127572599,-1.6383645841389194,-1.5849203101001403,-1.6428696517127126,0.0,2.3312620206007844,0.0,-0.9033000167416133,-0.8084746655994862,0.0,0.0,0.0,267
33,-0.3193287328579242,-0.4262501795219322,-0.1643223807853299,-0.32410301045028617,0.0,-0.4289522117905443,0.0,1.107051900217165,-0.8084746655994862,0.0,0.0,0.0,300
34,-0.3193287328579242,0.025067160062212313,-0.12536043944976072,-0.020295070065653665,0.0,-0.4289522117905443,0.0,1.107051900217165,-0.8084746655994862,0.0,0.0,0.0,262
35,-0.3193287328579242,-0.062453373375327303,-0.2035636215749476,-0.11979269610643736,0.0,-0.4289522117905443,0.0,1.107051900217165,-0.8084746655994862,0.0,0.0,0.0,222
36,0.5247220637458312,1.2954227008538453,1.8426319058314975,1.5271994201321855,0.0,-0.4289522117905443,0.0,-0.9033000167416133,1.2368971379684446,0.0,0.0,0.0,411
37,1.0976828167573536,1.4789414357336577,1.949971220419787,1.6760215775427392,0.0,-0.4289522117905443,0.0,-0.9033000167416133,1.2368971379684446,0.0,0.0,0.0,294
38,0.5247220637458312,1.612897974049392,2.0552461889296927,1.797165757362238,0.0,-0.4289522117905443,0.0,-0.9033000167416133,1.2368971379684446,0.0,0.0,0.0,331
39,1.0976828167573536,1.871944580918231,2.1840551824460834,2.008998365465805,0.0,-0.4289522117905443,0.0,-0.9033000167416133,1.2368971379684446,0.0,0.0,0.0,229
40,1.0976828167573536,1.3879017791244297,1.5073763611214888,1.4513196040414993,0.0,-0.4289522117905443,0.0,-0.9033000167416133,1.2368971379684446,0.0,0.0,0.0,284
41,-0.4136365259277512,-0.2415238844876828,-0.2035636215749476,-0.221041103073644,0.0,-0.4289522117905443,0.0,1.107051900217165,-0.8084746655994862,0.0,0.0,0.0,283
42,-0.4136365259277512,-0.062453373375327303,0.17673715419993538,0.045093542696446554,0.0,-0.4289522117905443,0.0,1.107051900217165,-0.8084746655994862,0.0,0.0,0.0,251
43,-0.22704922243244252,-0.09192033673033276,0.10276130344828037,-0.020295070065653665,0.0,-0.4289522117905443,0.0,1.107051900217165,-0.8084746655994862,0.0,0.0,0.0,315
44,-0.22704922243244252,-0.09192033673033276,0.10276130344828037,-0.020295070065653665,0.0,-0.4289522117905443,0.0,1.107051900217165,-0.8084746655994862,0.0,0.0,0.0,226
45,0.8207588744360778,0.8097347143908609,1.1194010374744374,0.9460132115422172,0.0,-0.4289522117905443,0.0,-0.9033000167416133,1.2368971379684446,0.0,0.0,0.0,269
46,0.8207588744360778,0.8097347143908609,1.1194010374744374,0.9460132115422172,0.0,-0.4289522117905443,0.0,-0.9033000167416133,1.2368971379684446,0.0,0.0,0.0,269
47,-0.22704922243244252,0.30769120886974577,0.6683353176082855,0.4529141316943558,0.0,-0.4289522117905443,0.0,1.107051900217165,-0.8084746655994862,0.0,0.0,0.0,251
48,-0.22704922243244252,0.30769120886974577,0.6683353176082855,0.4529141316943558,0.0,-0.4289522117905443,0.0,1.107051900217165,-0.8084746655994862,0.0,0.0,0.0,272
49,0.8207588744360778,0.8852090500213989,1.211405382155481,1.0288079637314307,0.0,-0.4289522117905443,0.0,-0.9033000167416133,1.2368971379684446,0.0,0.0,0.0,315
50,0.8207588744360778,0.8852090500213989,1.1809087592772944,1.0013418686155804,0.0,-0.4289522117905443,0.0,-0.9033000167416133,1.2368971379684446,0.0,0.0,0.0,319
51,-2.153419127572599,-2.689423800682971,-2.2870011707351323,-2.5371435419546757,0.0,2.3312620206007844,0.0,-0.9033000167416133,-0.8084746655994862,0.0,0.0,0.0,280
52,-2.153419127572599,-2.689423800682971,-2.2870011707351323,-2.5371435419546757,0.0,2.3312620206007844,0.0,-0.9033000167416133,-0.8084746655994862,0.0,0.0,0.0,288
53,-2.153419127572599,-2.5980285059721404,-2.061231868633278,-2.3863715276375888,0.0,2.3312620206007844,0.0,-0.9033000167416133,-0.8084746655994862,0.0,0.0,0.0,294
54,-2.153419127572599,-2.7356626174082437,-2.4034764084177302,-2.639898701137014,0.0,2.3312620206007844,0.0,-0.9033000167416133,-0.8084746655994862,0.0,0.0,0.0,284
55,-0.4136365259277512,-0.6494067204435949,-0.9627344650248099,-0.7933520381581455,0.0,-0.4289522117905443,0.0,1.107051900217165,-0.8084746655994862,0.0,0.0,0.0,305
56,-0.4136365259277512,-0.2112954975443058,-0.363403579986122,-0.2895435311795665,0.0,-0.4289522117905443,0.0,1.107051900217165,-0.8084746655994862,0.0,0.0,0.0,254
57,1.030109265026849,1.153903381798795,1.4202530953625652,1.2702756725411621,0.0,-0.4289522117905443,0.0,-0.9033000167416133,1.2368971379684446,0.0,0.0,0.0,354
58,1.030109265026849,1.2014579515057182,1.7331456632233504,1.4258023294011577,0.0,-0.4289522117905443,0.0,-0.9033000167416133,1.2368971379684446,0.0,0.0,0.0,342
59,1.030109265026849,1.2486290124443107,1.6495695413750089,1.4258023294011577,0.0,-0.4289522117905443,0.0,-0.9033000167416133,1.2368971379684446,0.0,0.0,0.0,290
60,1.030109265026849,1.5685857935173078,1.8696646997727058,1.7004553127765283,0.0,-0.4289522117905443,0.0,-0.9033000167416133,1.2368971379684446,0.0,0.0,0.0,414
61,1.030109265026849,1.2486290124443107,1.6495695413750089,1.4258023294011577,0.0,-0.4289522117905443,0.0,-0.9033000167416133,1.2368971379684446,0.0,0.0,0.0,306
62,1.030109265026849,1.5685857935173078,1.8696646997727058,1.7004553127765283,0.0,-0.4289522117905443,0.0,-0.9033000167416133,1.2368971379684446,0.0,0.0,0.0,280
63,1.4821935217883844,2.530297798756237,2.1585347182820063,2.4106126719710277,0.0,-0.4289522117905443,0.0,-0.9033000167416133,1.2368971379684446,0.0,0.0,0.0,315
64,1.4821935217883844,2.5679132329275975,2.1840551824460834,2.432123485812863,0.0,-0.4289522117905443,0.0,-0.9033000167416133,1.2368971379684446,0.0,0.0,0.0,284
65,0.2884698179226985,-0.062453373375327303,0.2858596310074728,0.07751129605493676,0.0,-0.4289522117905443,0.0,1.107051900217165,-0.8084746655994862,0.0,0.0,0.0,322
66,1.030109265026849,0.11129741742012168,0.10276130344828037,0.1097474363971198,0.0,-0.4289522117905443,0.0,-0.9033000167416133,1.2368971379684446,0.0,0.0,0.0,274
67,0.2884698179226985,0.2522483306776013,0.6007526116982889,0.3920232354237402,0.0,-0.4289522117905443,0.0,1.107051900217165,-0.8084746655994862,0.0,0.0,0.0,247
68,1.030109265026849,0.22432856475398383,0.2858596310074728,0.2369158387192324,0.0,-0.4289522117905443,0.0,-0.9033000167416133,1.2368971379684446,0.0,0.0,0.0,226
69,-0.3193287328579242,-0.09192033673033276,-0.12536043944976072,-0.11979269610643736,0.0,-0.4289522117905443,0.0,1.107051900217165,-0.8084746655994862,0.0,0.0,0.0,278
70,-0.3193287328579242,0.19627489056797623,0.06539508567698447,0.1418039872821537,0.0,-0.4289522117905443,0.0,1.107051900217165,-0.8084746655994862,0.0,0.0,0.0,214
71,1.030109265026849,0.6558000447360488,0.42805281126099287,0.5727963012003179,0.0,-0.4289522117905443,0.0,-0.9033000167416133,1.2368971379684446,0.0,0.0,0.0,233
72,1.030109265026849,0.6558000447360488,0.42805281126099287,0.5727963012003179,0.0,-0.4289522117905443,0.0,-0.9033000167416133,1.2368971379684446,0.0,0.0,0.0,322
73,1.6030700180383703,1.1059590161898083,0.9306192385808899,1.0561435780934891,0.0,-0.4289522117905443,0.0,-0.9033000167416133,1.2368971379684446,0.0,0.0,0.0,249
74,1.6030700180383703,1.6568769771406426,1.4494485226918497,1.5772357006526554,0.0,-0.4289522117905443,0.0,-0.9033000167416133,1.2368971379684446,0.0,0.0,0.0,283
75,1.030109265026849,0.6558000447360488,0.42805281126099287,0.5727963012003179,0.0,-0.4289522117905443,0.0,-0.9033000167416133,1.2368971379684446,0.0,0.0,0.0,345
76,1.030109265026849,0.6558000447360488,0.42805281126099287,0.5727963012003179,0.0,-0.4289522117905443,0.0,-0.9033000167416133,1.2368971379684446,0.0,0.0,0.0,294
77,0.8207588744360778,0.603574877651371,0.24972663085126748,0.4831196393834885,0.0,-0.4289522117905443,0.0,-0.9033000167416133,1.2368971379684446,0.0,0.0,0.0,277
78,0.8207588744360778,0.41702485673638556,0.06539508567698447,0.299461411062072,0.0,-0.4289522117905443,0.0,-0.9033000167416133,1.2368971379684446,0.0,0.0,0.0,265
79,0.8207588744360778,0.41702485673638556,0.06539508567698447,0.299461411062072,0.0,-0.4289522117905443,0.0,-0.9033000167416133,1.2368971379684446,0.0,0.0,0.0,270
80,-0.3193287328579242,-0.4262501795219322,-0.1643223807853299,-0.32410301045028617,0.0,-0.4289522117905443,0.0,1.107051900217165,-0.8084746655994862,0.0,0.0,0.0,270
81,0.8207588744360778,1.5014816557476198,1.1809087592772944,1.4001713916925085,0.0,-0.4289522117905443,0.0,-0.9033000167416133,1.2368971379684446,0.0,0.0,0.0,248
82,-0.91902372720877,0.08269501394478607,0.532325100099912,0.268273607921893,0.0,-0.4289522117905443,0.0,1.107051900217165,-0.8084746655994862,0.0,0.0,0.0,344
83,0.8207588744360778,1.2720726504622724,1.0883860556499356,1.2174850637199126,0.0,-0.4289522117905443,0.0,-0.9033000167416133,1.2368971379684446,0.0,0.0,0.0,254
84,-0.91902372720877,0.08269501394478607,0.4977878899618457,0.2369158387192324,0.0,-0.4289522117905443,0.0,1.107051900217165,-0.8084746655994862,0.0,0.0,0.0,184
85,0.8207588744360778,1.5014816557476198,1.1809087592772944,1.4001713916925085,0.0,-0.4289522117905443,0.0,-0.9033000167416133,1.2368971379684446,0.0,0.0,0.0,290
86,1.0976828167573536,1.3879017791244297,1.5073763611214888,1.4513196040414993,0.0,-0.4289522117905443,0.0,-0.9033000167416133,1.2368971379684446,0.0,0.0,0.0,218
87,-0.4136365259277512,-0.8477029935672574,-0.9627344650248099,-0.9072990471030649,0.0,-0.4289522117905443,0.0,1.107051900217165,-0.8084746655994862,0.0,0.0,0.0,268
88,-0.4136365259277512,-0.39505447968167207,0.13987418898228596,-0.18709329958276177,0.0,-0.4289522117905443,0.0,1.107051900217165,-0.8084746655994862,0.0,0.0,0.0,301
89,-0.3193287328579242,0.38988244211370227,0.3928492838378912,0.3920232354237402,0.0,-0.4289522117905443,0.0,1.107051900217165,-0.8084746655994862,0.0,0.0,0.0,222
90,-0.3193287328579242,0.08269501394478607,0.06539508567698447,0.07751129605493676,0.0,-0.4289522117905443,0.0,1.107051900217165,-0.8084746655994862,0.0,0.0,0.0,298
91,-0.3193287328579242,-0.15130338338084623,-0.28290022254542196,-0.221041103073644,0.0,-0.4289522117905443,0.0,1.107051900217165,-0.8084746655994862,0.0,0.0,0.0,362
92,-0.3193287328579242,-0.12153650053569842,-0.40410361616038415,-0.2551903783875733,0.0,-0.4289522117905443,0.0,1.107051900217165,-0.8084746655994862,0.0,0.0,0.0,263
93,-0.3193287328579242,-0.15130338338084623,-0.32300391581931753,-0.221041103073644,0.0,-0.4289522117905443,0.0,1.107051900217165,-0.8084746655994862,0.0,0.0,0.0,274
94,-1.6163651268113886,-1.1230093299153108,-1.1001675322405853,-1.1421943548368503,0.0,2.3312620206007844,0.0,-0.9033000167416133,-0.8084746655994862,0.0,0.0,0.0,284
95,-1.6163651268113886,-0.8814159390881734,-0.7410795033259312,-0.8310842104246482,0.0,2.3312620206007844,0.0,-0.9033000167416133,-0.8084746655994862,0.0,0.0,0.0,248
96,1.4821935217883844,2.586630624436635,2.1840551824460834,2.4535541847062263,0.0,-0.4289522117905443,0.0,-0.9033000167416133,1.2368971379684446,0.0,0.0,0.0,275
97,1.4821935217883844,2.6424260858806576,2.209457221756488,2.4961776092421473,0.0,-0.4289522117905443,0.0,-0.9033000167416133,1.2368971379684446,0.0,0.0,0.0,285
98,-0.3193287328579242,-0.6494067204435949,-0.7846982970465249,-0.7186219465264514,0.0,-0.4289522117905443,0.0,1.107051900217165,-0.8084746655994862,0.0,0.0,0.0,271
99,0.2884698179226985,0.053952057553938705,0.32175568957325984,0.1736829370724101,0.0,-0.4289522117905443,0.0,1.107051900217165,-0.8084746655994862,0.0,0.0,0.0,230
100,1.030109265026849,0.22432856475398383,0.13987418898228596,0.2053862474940286,0.0,-0.4289522117905443,0.0,-0.9033000167416133,1.2368971379684446,0.0,0.0,0.0,221
101,0.2884698179226985,0.3352168119268607,0.6346482596148799,0.4529141316943558,0.0,-0.4289522117905443,0.0,1.107051900217165,-0.8084746655994862,0.0,0.0,0.0,247
102,1.030109265026849,0.30769120886974577,0.32175568957325984,0.299461411062072,0.0,-0.4289522117905443,0.0,-0.9033000167416133,1.2368971379684446,0.0,0.0,0.0,328
103,1.030109265026849,0.30769120886974577,0.06539508567698447,0.2053862474940286,0.0,-0.4289522117905443,0.0,-0.9033000167416133,1.2368971379684446,0.0,0.0,0.0,206
104,1.030109265026849,0.8097347143908609,0.7018163372612054,0.7767617157327815,0.0,-0.4289522117905443,0.0,-0.9033000167416133,1.2368971379684446,0.0,0.0,0.0,282
105,1.030109265026849,0.30769120886974577,0.06539508567698447,0.2053862474940286,0.0,-0.4289522117905443,0.0,-0.9033000167416133,1.2368971379684446,0.0,0.0,0.0,246
106,1.030109265026849,0.38988244211370227,0.2133535419949648,0.3304810872706407,0.0,-0.4289522117905443,0.0,-0.9033000167416133,1.2368971379684446,0.0,0.0,0.0,258
107,-1.6163651268113886,-1.8739338636695804,-2.2870011707351323,-2.0492127375566596,0.0,2.3312620206007844,0.0,-0.9033000167416133,-0.8084746655994862,0.0,0.0,0.0,325
108,-0.3193287328579242,-0.814183246502374,-1.4349347731593172,-1.0628257033749289,0.0,-0.4289522117905443,0.0,1.107051900217165,-0.8084746655994862,0.0,0.0,0.0,299
109,-0.3193287328579242,-0.6819927649196507,-1.1001675322405853,-0.869065444043956,0.0,-0.4289522117905443,0.0,1.107051900217165,-0.8084746655994862,0.0,0.0,0.0,300
110,-0.3193287328579242,-0.7147613652189789,-1.337179860298907,-0.9457883940470203,0.0,-0.4289522117905443,0.0,1.107051900217165,-0.8084746655994862,0.0,0.0,0.0,234
111,-0.3193287328579242,-0.5527238604489589,-0.6978055258095623,-0.6083156421053404,0.0,-0.4289522117905443,0.0,1.107051900217165,-0.8084746655994862,0.0,0.0,0.0,229
112,-0.3193287328579242,0.16808601743006757,-0.048258747272147136,0.07751129605493676,0.0,-0.4289522117905443,0.0,1.107051900217165,-0.8084746655994862,0.0,0.0,0.0,240
113,-0.3193287328579242,-0.12153650053569842,-0.40410361616038415,-0.221041103073644,0.0,-0.4289522117905443,0.0,1.107051900217165,-0.8084746655994862,0.0,0.0,0.0,294
114,-0.3193287328579242,-0.7147613652189789,-1.337179860298907,-0.9457883940470203,0.0,-0.4289522117905443,0.0,1.107051900217165,-0.8084746655994862,0.0,0.0,0.0,245
115,-0.3193287328579242,-0.5527238604489589,-0.6978055258095623,-0.6083156421053404,0.0,-0.4289522117905443,0.0,1.107051900217165,-0.8084746655994862,0.0,0.0,0.0,280
116,-2.153419127572599,-1.995374485804946,-1.8444063127264927,-1.9564020803120177,0.0,2.3312620206007844,0.0,-0.9033000167416133,-0.8084746655994862,0.0,0.0,0.0,288
117,-0.3193287328579242,-0.4262501795219322,-0.1643223807853299,-0.32410301045028617,0.0,-0.4289522117905443,0.0,1.107051900217165,-0.8084746655994862,0.0,0.0,0.0,277
118,-0.3193287328579242,0.025067160062212313,-0.12536043944976072,-0.05327015172149766,0.0,-0.4289522117905443,0.0,1.107051900217165,-0.8084746655994862,0.0,0.0,0.0,284
119,-0.3193287328579242,-0.062453373375327303,-0.2035636215749476,-0.11979269610643736,0.0,-0.4289522117905443,0.0,1.107051900217165,-0.8084746655994862,0.0,0.0,0.0,306
120,-0.4136365259277512,-0.15130338338084623,-0.1643223807853299,-0.15334460458863647,0.0,-0.4289522117905443,0.0,1.107051900217165,-0.8084746655994862,0.0,0.0,0.0,288
121,-0.4136365259277512,0.025067160062212313,0.24972663085126748,0.1097474363971198,0.0,-0.4289522117905443,0.0,1.107051900217165,-0.8084746655994862,0.0,0.0,0.0,262
122,-0.4136365259277512,-0.36402427504861967,-0.1643223807853299,-0.2895435311795665,0.0,-0.4289522117905443,0.0,1.107051900217165,-0.8084746655994862,0.0,0.0,0.0,298
123,0.8207588744360778,0.44404190179158826,0.32175568957325984,0.4225492274484359,0.0,-0.4289522117905443,0.0,-0.9033000167416133,1.2368971379684446,0.0,0.0,0.0,222
124,-0.4136365259277512,-0.062453373375327303,0.2858596310074728,0.07751129605493676,0.0,-0.4289522117905443,0.0,1.107051900217165,-0.8084746655994862,0.0,0.0,0.0,350
125,0.8207588744360778,0.707563036141033,0.6007526116982889,0.6610967961287624,0.0,-0.4289522117905443,0.0,-0.9033000167416133,1.2368971379684446,0.0,0.0,0.0,221
126,-2.153419127572599,-2.5980285059721404,-2.2870011707351323,-2.48644598050473,0.0,2.3312620206007844,0.0,-0.9033000167416133,-0.8084746655994862,0.0,0.0,0.0,261
127,-2.153419127572599,-2.463558679089957,-2.2296799176735576,-2.3863715276375888,0.0,2.3312620206007844,0.0,-0.9033000167416133,-0.8084746655994862,0.0,0.0,0.0,300
128,-2.153419127572599,-2.375599429743322,-1.9517456260251307,-2.2394494353325705,0.0,2.3312620206007844,0.0,-0.9033000167416133,-0.8084746655994862,0.0,0.0,0.0,285
129,-0.22704922243244252,0.8097347143908609,1.1194010374744374,0.9460132115422172,0.0,-0.4289522117905443,0.0,1.107051900217165,-0.8084746655994862,0.0,0.0,0.0,275
130,-0.4136365259277512,-0.5208481397710727,-0.8729926248804002,-0.6448499616728124,0.0,-0.4289522117905443,0.0,1.107051900217165,-0.8084746655994862,0.0,0.0,0.0,267
131,-0.4136365259277512,-0.09192033673033276,-0.32300391581931753,-0.18709329958276177,0.0,-0.4289522117905443,0.0,1.107051900217165,-0.8084746655994862,0.0,0.0,0.0,264
132,1.4821935217883844,2.586630624436635,2.1840551824460834,2.4535541847062263,0.0,-0.4289522117905443,0.0,-0.9033000167416133,1.2368971379684446,0.0,0.0,0.0,344
133,1.4821935217883844,2.6424260858806576,2.209457221756488,2.4961776092421473,0.0,-0.4289522117905443,0.0,-0.9033000167416133,1.2368971379684446,0.0,0.0,0.0,237
134,0.2884698179226985,0.053952057553938705,0.32175568957325984,0.1736829370724101,0.0,-0.4289522117905443,0.0,1.107051900217165,-0.8084746655994862,0.0,0.0,0.0,250
135,1.030109265026849,0.22432856475398383,0.13987418898228596,0.2053862474940286,0.0,-0.4289522117905443,0.0,-0.9033000167416133,1.2368971379684446,0.0,0.0,0.0,334
136,0.2884698179226985,0.3352168119268607,0.6346482596148799,0.4529141316943558,0.0,-0.4289522117905443,0.0,1.107051900217165,-0.8084746655994862,0.0,0.0,0.0,248
137,1.030109265026849,0.30769120886974577,0.32175568957325984,0.299461411062072,0.0,-0.4289522117905443,0.0,-0.9033000167416133,1.2368971379684446,0.0,0.0,0.0,223
138,-1.6163651268113886,-1.1230093299153108,-1.1001675322405853,-1.1421943548368503,0.0,2.3312620206007844,0.0,-0.9033000167416133,-0.8084746655994862,0.0,0.0,0.0,344
139,1.030109265026849,0.30769120886974577,0.06539508567698447,0.2053862474940286,0.0,-0.4289522117905443,0.0,-0.9033000167416133,1.2368971379684446,0.0,0.0,0.0,305
140,1.030109265026849,0.38988244211370227,0.2133535419949648,0.3304810872706407,0.0,-0.4289522117905443,0.0,-0.9033000167416133,1.2368971379684446,0.0,0.0,0.0,275
141,1.030109265026849,0.30769120886974577,0.06539508567698447,0.2053862474940286,0.0,-0.4289522117905443,0.0,-0.9033000167416133,1.2368971379684446,0.0,0.0,0.0,342
142,1.030109265026849,0.8097347143908609,0.7018163372612054,0.7767617157327815,0.0,-0.4289522117905443,0.0,-0.9033000167416133,1.2368971379684446,0.0,0.0,0.0,282
143,0.8207588744360778,0.603574877651371,0.24972663085126748,0.4831196393834885,0.0,-0.4289522117905443,0.0,-0.9033000167416133,1.2368971379684446,0.0,0.0,0.0,296
144,0.8207588744360778,0.41702485673638556,0.06539508567698447,0.299461411062072,0.0,-0.4289522117905443,0.0,-0.9033000167416133,1.2368971379684446,0.0,0.0,0.0,299
145,0.8207588744360778,0.41702485673638556,0.06539508567698447,0.299461411062072,0.0,-0.4289522117905443,0.0,-0.9033000167416133,1.2368971379684446,0.0,0.0,0.0,284
146,-1.6163651268113886,-1.2656793261698158,-1.385839110899346,-1.3455418755698991,0.0,2.3312620206007844,0.0,-0.9033000167416133,-0.8084746655994862,0.0,0.0,0.0,298
147,-1.6163651268113886,-1.0182450990532093,-1.0081631875595392,-1.0235481720183806,0.0,2.3312620206007844,0.0,-0.9033000167416133,-0.8084746655994862,0.0,0.0,0.0,268
148,-0.3193287328579242,-0.4262501795219322,-0.1643223807853299,-0.32410301045028617,0.0,-0.4289522117905443,0.0,1.107051900217165,-0.8084746655994862,0.0,0.0,0.0,219
149,-1.6163651268113886,-1.6383645841389194,-1.5344671451305532,-1.6428696517127126,0.0,2.3312620206007844,0.0,-0.9033000167416133,-0.8084746655994862,0.0,0.0,0.0,288
150,0.8207588744360778,1.5014816557476198,1.1809087592772944,1.4001713916925085,0.0,-0.4289522117905443,0.0,-0.9033000167416133,1.2368971379684446,0.0,0.0,0.0,253
151,0.8207588744360778,1.5014816557476198,1.1809087592772944,1.4001713916925085,0.0,-0.4289522117905443,0.0,-0.9033000167416133,1.2368971379684446,0.0,0.0,0.0,259
152,0.8207588744360778,1.2720726504622724,1.0883860556499356,1.2174850637199126,0.0,-0.4289522117905443,0.0,-0.9033000167416133,1.2368971379684446,0.0,0.0,0.0,317
153,-0.3193287328579242,0.08269501394478607,0.06539508567698447,0.07751129605493676,0.0,-0.4289522117905443,0.0,1.107051900217165,-0.8084746655994862,0.0,0.0,0.0,414
154,-0.3193287328579242,0.38988244211370227,0.3928492838378912,0.3920232354237402,0.0,-0.4289522117905443,0.0,1.107051900217165,-0.8084746655994862,0.0,0.0,0.0,290
155,-0.3193287328579242,-0.15130338338084623,-0.28290022254542196,-0.221041103073644,0.0,-0.4289522117905443,0.0,1.107051900217165,-0.8084746655994862,0.0,0.0,0.0,288
156,-0.3193287328579242,-0.12153650053569842,-0.40410361616038415,-0.2551903783875733,0.0,-0.4289522117905443,0.0,1.107051900217165,-0.8084746655994862,0.0,0.0,0.0,418
157,-0.3193287328579242,-0.1812225271585815,-0.363403579986122,-0.2551903783875733,0.0,-0.4289522117905443,0.0,1.107051900217165,-0.8084746655994862,0.0,0.0,0.0,234
158,-1.6163651268113886,-1.1230093299153108,-1.1001675322405853,-1.1421943548368503,0.0,2.3312620206007844,0.0,-0.9033000167416133,-0.8084746655994862,0.0,0.0,0.0,277
159,-1.6163651268113886,-0.8814159390881734,-0.7410795033259312,-0.8310842104246482,0.0,2.3312620206007844,0.0,-0.9033000167416133,-0.8084746655994862,0.0,0.0,0.0,230
160,-0.3193287328579242,-0.6494067204435949,-0.7846982970465249,-0.7186219465264514,0.0,-0.4289522117905443,0.0,1.107051900217165,-0.8084746655994862,0.0,0.0,0.0,360
161,0.2884698179226985,0.053952057553938705,0.35741790028254167,0.1736829370724101,0.0,-0.4289522117905443,0.0,1.107051900217165,-0.8084746655994862,0.0,0.0,0.0,280
162,1.030109265026849,0.22432856475398383,0.2133535419949648,0.2053862474940286,0.0,-0.4289522117905443,0.0,-0.9033000167416133,1.2368971379684446,0.0,0.0,0.0,251
163,0.2884698179226985,0.3352168119268607,0.6683353176082855,0.4831196393834885,0.0,-0.4289522117905443,0.0,1.107051900217165,-0.8084746655994862,0.0,0.0,0.0,285
164,1.030109265026849,0.38988244211370227,0.35741790028254167,0.3920232354237402,0.0,-0.4289522117905443,0.0,-0.9033000167416133,1.2368971379684446,0.0,0.0,0.0,288
165,1.030109265026849,0.38988244211370227,0.2133535419949648,0.3304810872706407,0.0,-0.4289522117905443,0.0,-0.9033000167416133,1.2368971379684446,0.0,0.0,0.0,305
166,1.030109265026849,0.835001189338944,0.6683353176082855,0.7767617157327815,0.0,-0.4289522117905443,0.0,-0.9033000167416133,1.2368971379684446,0.0,0.0,0.0,234
167,1.030109265026849,0.38988244211370227,0.2133535419949648,0.3304810872706407,0.0,-0.4289522117905443,0.0,-0.9033000167416133,1.2368971379684446,0.0,0.0,0.0,243
168,1.030109265026849,0.49770447869004114,0.3928492838378912,0.4529141316943558,0.0,-0.4289522117905443,0.0,-0.9033000167416133,1.2368971379684446,0.0,0.0,0.0,299
169,-1.6163651268113886,-1.8739338636695804,-2.2870011707351323,-2.0492127375566596,0.0,2.3312620206007844,0.0,-0.9033000167416133,-0.8084746655994862,0.0,0.0,0.0,206
170,-0.3193287328579242,-0.814183246502374,-1.4349347731593172,-1.0628257033749289,0.0,-0.4289522117905443,0.0,1.107051900217165,-0.8084746655994862,0.0,0.0,0.0,198
171,-0.3193287328579242,-0.6819927649196507,-1.1001675322405853,-0.869065444043956,0.0,-0.4289522117905443,0.0,1.107051900217165,-0.8084746655994862,0.0,0.0,0.0,346
172,-0.3193287328579242,-0.7147613652189789,-1.337179860298907,-0.9457883940470203,0.0,-0.4289522117905443,0.0,1.107051900217165,-0.8084746655994862,0.0,0.0,0.0,298
173,-0.3193287328579242,-0.5527238604489589,-0.6978055258095623,-0.6083156421053404,0.0,-0.4289522117905443,0.0,1.107051900217165,-0.8084746655994862,0.0,0.0,0.0,264
174,-0.3193287328579242,0.16808601743006757,-0.048258747272147136,0.07751129605493676,0.0,-0.4289522117905443,0.0,1.107051900217165,-0.8084746655994862,0.0,0.0,0.0,300
175,-0.3193287328579242,-0.12153650053569842,-0.40410361616038415,-0.221041103073644,0.0,-0.4289522117905443,0.0,1.107051900217165,-0.8084746655994862,0.0,0.0,0.0,243
176,-0.3193287328579242,-0.7147613652189789,-1.337179860298907,-0.9457883940470203,0.0,-0.4289522117905443,0.0,1.107051900217165,-0.8084746655994862,0.0,0.0,0.0,269
177,-0.3193287328579242,-0.5527238604489589,-0.6978055258095623,-0.6083156421053404,0.0,-0.4289522117905443,0.0,1.107051900217165,-0.8084746655994862,0.0,0.0,0.0,326
178,-2.153419127572599,-1.995374485804946,-1.8444063127264927,-1.9564020803120177,0.0,2.3312620206007844,0.0,-0.9033000167416133,-0.8084746655994862,0.0,0.0,0.0,245
179,-0.3193287328579242,0.025067160062212313,-0.12536043944976072,-0.05327015172149766,0.0,-0.4289522117905443,0.0,1.107051900217165,-0.8084746655994862,0.0,0.0,0.0,300
180,-0.3193287328579242,-0.062453373375327303,-0.2035636215749476,-0.11979269610643736,0.0,-0.4289522117905443,0.0,1.107051900217165,-0.8084746655994862,0.0,0.0,0.0,300
181,-0.4136365259277512,-0.12153650053569842,-0.2035636215749476,-0.15334460458863647,0.0,-0.4289522117905443,0.0,1.107051900217165,-0.8084746655994862,0.0,0.0,0.0,315
182,-0.4136365259277512,0.16808601743006757,0.24972663085126748,0.2053862474940286,0.0,-0.4289522117905443,0.0,1.107051900217165,-0.8084746655994862,0.0,0.0,0.0,368
183,-0.4136365259277512,-0.36402427504861967,-0.1643223807853299,-0.2895435311795665,0.0,-0.4289522117905443,0.0,1.107051900217165,-0.8084746655994862,0.0,0.0,0.0,362
184,0.8207588744360778,0.41702485673638556,0.32175568957325984,0.3920232354237402,0.0,-0.4289522117905443,0.0,-0.9033000167416133,1.2368971379684446,0.0,0.0,0.0,249
185,0.8207588744360778,0.41702485673638556,0.32175568957325984,0.3920232354237402,0.0,-0.4289522117905443,0.0,-0.9033000167416133,1.2368971379684446,0.0,0.0,0.0,293
186,-0.4136365259277512,-0.003961087383698062,0.32175568957325984,0.1097474363971198,0.0,-0.4289522117905443,0.0,1.107051900217165,-0.8084746655994862,0.0,0.0,0.0,218
187,0.8207588744360778,0.6817388005716338,0.6007526116982889,0.6610967961287624,0.0,-0.4289522117905443,0.0,-0.9033000167416133,1.2368971379684446,0.0,0.0,0.0,269
188,0.8207588744360778,0.7332737582207047,0.6683353176082855,0.6902317242033809,0.0,-0.4289522117905443,0.0,-0.9033000167416133,1.2368971379684446,0.0,0.0,0.0,269
189,-2.153419127572599,-2.5980285059721404,-2.4034764084177302,-2.5371435419546757,0.0,2.3312620206007844,0.0,-0.9033000167416133,-0.8084746655994862,0.0,0.0,0.0,343
190,-2.153419127572599,-2.5080393486213524,-2.2296799176735576,-2.436191198170966,0.0,2.3312620206007844,0.0,-0.9033000167416133,-0.8084746655994862,0.0,0.0,0.0,264
191,-2.153419127572599,-2.419413715923922,-2.061231868633278,-2.288007833219647,0.0,2.3312620206007844,0.0,-0.9033000167416133,-0.8084746655994862,0.0,0.0,0.0,250
192,-0.22704922243244252,1.057618411662162,1.6775702655898883,1.2964904604863756,0.0,-0.4289522117905443,0.0,1.107051900217165,-0.8084746655994862,0.0,0.0,0.0,298
193,-0.4136365259277512,-0.45761314932960273,-0.7410795033259312,-0.5720118245108375,0.0,-0.4289522117905443,0.0,1.107051900217165,-0.8084746655994862,0.0,0.0,0.0,294
194,-0.4136365259277512,-0.12153650053569842,-0.048258747272147136,-0.08643529253414622,0.0,-0.4289522117905443,0.0,1.107051900217165,-0.8084746655994862,0.0,0.0,0.0,309
195,-1.4919844802202904,-0.9494304246854941,-0.6548709555319494,-0.8310842104246482,0.0,2.3312620206007844,0.0,-0.9033000167416133,-0.8084746655994862,0.0,0.0,0.0,254
196,-1.4919844802202904,-0.7147613652189789,-0.5699990283400114,-0.6816177289552484,0.0,2.3312620206007844,0.0,-0.9033000167416133,-0.8084746655994862,0.0,0.0,0.0,295
197,-1.4919844802202904,-0.7147613652189789,-0.5699990283400114,-0.6816177289552484,0.0,2.3312620206007844,0.0,-0.9033000167416133,-0.8084746655994862,0.0,0.0,0.0,192
198,0.2884698179226985,0.053952057553938705,0.35741790028254167,0.1736829370724101,0.0,-0.4289522117905443,0.0,1.107051900217165,-0.8084746655994862,0.0,0.0,0.0,288
199,1.030109265026849,0.22432856475398383,0.2133535419949648,0.2053862474940286,0.0,-0.4289522117905443,0.0,-0.9033000167416133,1.2368971379684446,0.0,0.0,0.0,285
200,0.2884698179226985,0.3352168119268607,0.6683353176082855,0.4831196393834885,0.0,-0.4289522117905443,0.0,1.107051900217165,-0.8084746655994862,0.0,0.0,0.0,286
201,1.030109265026849,0.38988244211370227,0.35741790028254167,0.3920232354237402,0.0,-0.4289522117905443,0.0,-0.9033000167416133,1.2368971379684446,0.0,0.0,0.0,240
202,-1.6163651268113886,-1.1230093299153108,-1.1001675322405853,-1.1421943548368503,0.0,2.3312620206007844,0.0,-0.9033000167416133,-0.8084746655994862,0.0,0.0,0.0,209
203,1.030109265026849,0.38988244211370227,0.2133535419949648,0.3304810872706407,0.0,-0.4289522117905443,0.0,-0.9033000167416133,1.2368971379684446,0.0,0.0,0.0,322
204,1.030109265026849,0.49770447869004114,0.3928492838378912,0.4529141316943558,0.0,-0.4289522117905443,0.0,-0.9033000167416133,1.2368971379684446,0.0,0.0,0.0,325
205,1.030109265026849,0.38988244211370227,0.2133535419949648,0.3304810872706407,0.0,-0.4289522117905443,0.0,-0.9033000167416133,1.2368971379684446,0.0,0.0,0.0,237
206,1.030109265026849,0.835001189338944,0.6683353176082855,0.7767617157327815,0.0,-0.4289522117905443,0.0,-0.9033000167416133,1.2368971379684446,0.0,0.0,0.0,201
207,-1.6163651268113886,-1.2656793261698158,-1.385839110899346,-1.3455418755698991,0.0,2.3312620206007844,0.0,-0.9033000167416133,-0.8084746655994862,0.0,0.0,0.0,279
208,-1.6163651268113886,-1.0182450990532093,-1.0081631875595392,-1.0235481720183806,0.0,2.3312620206007844,0.0,-0.9033000167416133,-0.8084746655994862,0.0,0.0,0.0,222
209,-1.6163651268113886,-1.6383645841389194,-1.5344671451305532,-1.6428696517127126,0.0,2.3312620206007844,0.0,-0.9033000167416133,-0.8084746655994862,0.0,0.0,0.0,258
210,-2.153419127572599,-2.077758662587876,-1.5849203101001403,-1.9105521484676575,0.0,2.3312620206007844,0.0,-0.9033000167416133,-0.8084746655994862,0.0,0.0,0.0,288
211,-0.3193287328579242,0.08269501394478607,0.06539508567698447,0.07751129605493676,0.0,-0.4289522117905443,0.0,1.107051900217165,-0.8084746655994862,0.0,0.0,0.0,321
212,-0.3193287328579242,0.38988244211370227,0.3928492838378912,0.3920232354237402,0.0,-0.4289522117905443,0.0,1.107051900217165,-0.8084746655994862,0.0,0.0,0.0,300
213,-1.6163651268113886,-1.1230093299153108,-1.0081631875595392,-1.0628257033749289,0.0,2.3312620206007844,0.0,-0.9033000167416133,-0.8084746655994862,0.0,0.0,0.0,170
214,-1.6163651268113886,-0.8814159390881734,-0.6548709555319494,-0.8310842104246482,0.0,2.3312620206007844,0.0,-0.9033000167416133,-0.8084746655994862,0.0,0.0,0.0,354
215,-0.3193287328579242,-0.6494067204435949,-0.6978055258095623,-0.6816177289552484,0.0,-0.4289522117905443,0.0,1.107051900217165,-0.8084746655994862,0.0,0.0,0.0,309
216,0.2884698179226985,0.053952057553938705,0.32175568957325984,0.1736829370724101,0.0,-0.4289522117905443,0.0,1.107051900217165,-0.8084746655994862,0.0,0.0,0.0,237
217,1.030109265026849,0.16808601743006757,0.17673715419993538,0.1736829370724101,0.0,-0.4289522117905443,0.0,-0.9033000167416133,1.2368971379684446,0.0,0.0,0.0,331
218,0.2884698179226985,0.30769120886974577,0.6346482596148799,0.4529141316943558,0.0,-0.4289522117905443,0.0,1.107051900217165,-0.8084746655994862,0.0,0.0,0.0,296
219,1.030109265026849,0.44404190179158826,0.35741790028254167,0.4225492274484359,0.0,-0.4289522117905443,0.0,-0.9033000167416133,1.2368971379684446,0.0,0.0,0.0,181
220,1.030109265026849,0.2522483306776013,0.027772053397489904,0.1736829370724101,0.0,-0.4289522117905443,0.0,-0.9033000167416133,1.2368971379684446,0.0,0.0,0.0,182
221,1.030109265026849,0.8097347143908609,0.7018163372612054,0.7767617157327815,0.0,-0.4289522117905443,0.0,-0.9033000167416133,1.2368971379684446,0.0,0.0,0.0,274
222,1.030109265026849,0.2522483306776013,0.027772053397489904,0.1736829370724101,0.0,-0.4289522117905443,0.0,-0.9033000167416133,1.2368971379684446,0.0,0.0,0.0,418
223,1.030109265026849,0.47093473010904363,0.3928492838378912,0.4529141316943558,0.0,-0.4289522117905443,0.0,-0.9033000167416133,1.2368971379684446,0.0,0.0,0.0,292
224,-1.6163651268113886,-1.7549633923673278,-2.061231868633278,-1.8650646704674778,0.0,2.3312620206007844,0.0,-0.9033000167416133,-0.8084746655994862,0.0,0.0,0.0,321
225,-0.3193287328579242,-0.7147613652189789,-1.2889493311341327,-0.9457883940470203,0.0,-0.4289522117905443,0.0,1.107051900217165,-0.8084746655994862,0.0,0.0,0.0,264
226,-0.3193287328579242,-0.6170012105856948,-0.9627344650248099,-0.7558656752634331,0.0,-0.4289522117905443,0.0,1.107051900217165,-0.8084746655994862,0.0,0.0,0.0,323
227,-0.3193287328579242,-0.45761314932960273,-0.5699990283400114,-0.5359356185538555,0.0,-0.4289522117905443,0.0,1.107051900217165,-0.8084746655994862,0.0,0.0,0.0,269
228,-0.3193287328579242,-0.45761314932960273,-0.5699990283400114,-0.5359356185538555,0.0,-0.4289522117905443,0.0,1.107051900217165,-0.8084746655994862,0.0,0.0,0.0,234
229,-0.3193287328579242,0.08269501394478607,-0.048258747272147136,0.045093542696446554,0.0,-0.4289522117905443,0.0,1.107051900217165,-0.8084746655994862,0.0,0.0,0.0,342
230,-0.3193287328579242,-0.003961087383698062,-0.08667384982313468,-0.05327015172149766,0.0,-0.4289522117905443,0.0,1.107051900217165,-0.8084746655994862,0.0,0.0,0.0,278
231,-1.4919844802202904,-1.2656793261698158,-1.1001675322405853,-1.1822930258311133,0.0,2.3312620206007844,0.0,-0.9033000167416133,-0.8084746655994862,0.0,0.0,0.0,272
232,-0.4136365259277512,-0.12153650053569842,-0.2035636215749476,-0.15334460458863647,0.0,-0.4289522117905443,0.0,1.107051900217165,-0.8084746655994862,0.0,0.0,0.0,236
233,-0.4136365259277512,0.13976063589966928,0.2858596310074728,0.2053862474940286,0.0,-0.4289522117905443,0.0,1.107051900217165,-0.8084746655994862,0.0,0.0,0.0,411
234,-0.4136365259277512,-0.36402427504861967,-0.08667384982313468,-0.2551903783875733,0.0,-0.4289522117905443,0.0,1.107051900217165,-0.8084746655994862,0.0,0.0,0.0,259
235,0.8207588744360778,0.38988244211370227,0.32175568957325984,0.3613344373384628,0.0,-0.4289522117905443,0.0,-0.9033000167416133,1.2368971379684446,0.0,0.0,0.0,230
236,0.8207588744360778,0.38988244211370227,0.32175568957325984,0.3613344373384628,0.0,-0.4289522117905443,0.0,-0.9033000167416133,1.2368971379684446,0.0,0.0,0.0,225
237,-0.4136365259277512,-0.03313411471737396,0.32175568957325984,0.1097474363971198,0.0,-0.4289522117905443,0.0,1.107051900217165,-0.8084746655994862,0.0,0.0,0.0,306
238,0.8207588744360778,0.6558000447360488,0.6007526116982889,0.6318135980617037,0.0,-0.4289522117905443,0.0,-0.9033000167416133,1.2368971379684446,0.0,0.0,0.0,296
239,0.8207588744360778,0.6558000447360488,0.6007526116982889,0.6318135980617037,0.0,-0.4289522117905443,0.0,-0.9033000167416133,1.2368971379684446,0.0,0.0,0.0,234
240,0.8207588744360778,0.835001189338944,1.0571943493286908,0.9181480917043547,0.0,-0.4289522117905443,0.0,-0.9033000167416133,1.2368971379684446,0.0,0.0,0.0,342
241,-2.153419127572599,-2.463558679089957,-2.11680726626674,-2.3863715276375888,0.0,2.3312620206007844,0.0,-0.9033000167416133,-0.8084746655994862,0.0,0.0,0.0,248
242,-2.153419127572599,-2.375599429743322,-1.9517456260251307,-2.2394494353325705,0.0,2.3312620206007844,0.0,-0.9033000167416133,-0.8084746655994862,0.0,0.0,0.0,317
243,-2.153419127572599,-2.1613197959330104,-1.7391313429269355,-2.0026202886454554,0.0,2.3312620206007844,0.0,-0.9033000167416133,-0.8084746655994862,0.0,0.0,0.0,256
244,-0.22704922243244252,1.0332974624626066,1.6495695413750089,1.2702756725411621,0.0,-0.4289522117905443,0.0,1.107051900217165,-0.8084746655994862,0.0,0.0,0.0,242
245,-0.4136365259277512,-0.45761314932960273,-0.6978055258095623,-0.5359356185538555,0.0,-0.4289522117905443,0.0,1.107051900217165,-0.8084746655994862,0.0,0.0,0.0,165
246,-0.4136365259277512,-0.12153650053569842,-0.010111347958534777,-0.08643529253414622,0.0,-0.4289522117905443,0.0,1.107051900217165,-0.8084746655994862,0.0,0.0,0.0,326
247,-1.4919844802202904,-0.9494304246854941,-0.6122705098095379,-0.8310842104246482,0.0,2.3312620206007844,0.0,-0.9033000167416133,-0.8084746655994862,0.0,0.0,0.0,274
248,-1.4919844802202904,-0.7147613652189789,-0.5280514694510391,-0.6448499616728124,0.0,2.3312620206007844,0.0,-0.9033000167416133,-0.8084746655994862,0.0,0.0,0.0,227
249,0.2884698179226985,0.053952057553938705,0.32175568957325984,0.1736829370724101,0.0,-0.4289522117905443,0.0,1.107051900217165,-0.8084746655994862,0.0,0.0,0.0,248
250,1.030109265026849,0.16808601743006757,0.17673715419993538,0.1736829370724101,0.0,-0.4289522117905443,0.0,-0.9033000167416133,1.2368971379684446,0.0,0.0,0.0,187
251,0.2884698179226985,0.3352168119268607,0.6346482596148799,0.4529141316943558,0.0,-0.4289522117905443,0.0,1.107051900217165,-0.8084746655994862,0.0,0.0,0.0,300
252,1.030109265026849,0.44404190179158826,0.35741790028254167,0.4225492274484359,0.0,-0.4289522117905443,0.0,-0.9033000167416133,1.2368971379684446,0.0,0.0,0.0,286
253,-1.6163651268113886,-1.1230093299153108,-1.0081631875595392,-1.0628257033749289,0.0,2.3312620206007844,0.0,-0.9033000167416133,-0.8084746655994862,0.0,0.0,0.0,254
254,1.030109265026849,0.2522483306776013,0.027772053397489904,0.1736829370724101,0.0,-0.4289522117905443,0.0,-0.9033000167416133,1.2368971379684446,0.0,0.0,0.0,285
255,1.030109265026849,0.47093473010904363,0.3928492838378912,0.4529141316943558,0.0,-0.4289522117905443,0.0,-0.9033000167416133,1.2368971379684446,0.0,0.0,0.0,263
256,1.030109265026849,0.2522483306776013,0.027772053397489904,0.1736829370724101,0.0,-0.4289522117905443,0.0,-0.9033000167416133,1.2368971379684446,0.0,0.0,0.0,317
257,1.030109265026849,0.8097347143908609,0.7018163372612054,0.7767617157327815,0.0,-0.4289522117905443,0.0,-0.9033000167416133,1.2368971379684446,0.0,0.0,0.0,284
258,-1.6163651268113886,-1.5619036279687581,-1.385839110899346,-1.5135577827979254,0.0,2.3312620206007844,0.0,-0.9033000167416133,-0.8084746655994862,0.0,0.0,0.0,283
259,-2.153419127572599,-1.8739338636695804,-1.4844747460926766,-1.7307207627523353,0.0,2.3312620206007844,0.0,-0.9033000167416133,-0.8084746655994862,0.0,0.0,0.0,259
260,-0.3193287328579242,0.16808601743006757,0.13987418898228596,0.1418039872821537,0.0,-0.4289522117905443,0.0,1.107051900217165,-0.8084746655994862,0.0,0.0,0.0,284
261,-0.3193287328579242,0.44404190179158826,0.4630313944812131,0.4529141316943558,0.0,-0.4289522117905443,0.0,1.107051900217165,-0.8084746655994862,0.0,0.0,0.0,263
262,-0.3193287328579242,-0.584774241217029,-0.7410795033259312,-0.6816177289552484,0.0,-0.4289522117905443,0.0,1.107051900217165,-0.8084746655994862,0.0,0.0,0.0,275
263,0.2884698179226985,0.053952057553938705,0.35741790028254167,0.1736829370724101,0.0,-0.4289522117905443,0.0,1.107051900217165,-0.8084746655994862,0.0,0.0,0.0,237
264,1.030109265026849,0.16808601743006757,0.17673715419993538,0.1736829370724101,0.0,-0.4289522117905443,0.0,-0.9033000167416133,1.2368971379684446,0.0,0.0,0.0,248
265,0.2884698179226985,0.30769120886974577,0.6346482596148799,0.4529141316943558,0.0,-0.4289522117905443,0.0,1.107051900217165,-0.8084746655994862,0.0,0.0,0.0,223
266,1.030109265026849,0.5243522689958882,0.5666457745820666,0.5430590980569633,0.0,-0.4289522117905443,0.0,-0.9033000167416133,1.2368971379684446,0.0,0.0,0.0,232
267,1.030109265026849,0.19627489056797623,0.17673715419993538,0.2053862474940286,0.0,-0.4289522117905443,0.0,-0.9033000167416133,1.2368971379684446,0.0,0.0,0.0,232
268,1.030109265026849,0.8601589909407077,0.8010479907085369,0.8337338247277793,0.0,-0.4289522117905443,0.0,-0.9033000167416133,1.2368971379684446,0.0,0.0,0.0,240
269,1.030109265026849,0.19627489056797623,0.17673715419993538,0.2053862474940286,0.0,-0.4289522117905443,0.0,-0.9033000167416133,1.2368971379684446,0.0,0.0,0.0,344
270,1.030109265026849,0.47093473010904363,0.3928492838378912,0.4529141316943558,0.0,-0.4289522117905443,0.0,-0.9033000167416133,1.2368971379684446,0.0,0.0,0.0,288
271,-0.3193287328579242,-0.6170012105856948,-1.193744676716526,-0.8310842104246482,0.0,-0.4289522117905443,0.0,1.107051900217165,-0.8084746655994862,0.0,0.0,0.0,195
272,-0.3193287328579242,-0.45761314932960273,-0.5699990283400114,-0.5359356185538555,0.0,-0.4289522117905443,0.0,1.107051900217165,-0.8084746655994862,0.0,0.0,0.0,285
273,-0.3193287328579242,-0.45761314932960273,-0.5699990283400114,-0.5359356185538555,0.0,-0.4289522117905443,0.0,1.107051900217165,-0.8084746655994862,0.0,0.0,0.0,301
274,-0.3193287328579242,-0.062453373375327303,-0.28290022254542196,-0.15334460458863647,0.0,-0.4289522117905443,0.0,1.107051900217165,-0.8084746655994862,0.0,0.0,0.0,291
275,-0.3193287328579242,-0.6170012105856948,-1.193744676716526,-0.8310842104246482,0.0,-0.4289522117905443,0.0,1.107051900217165,-0.8084746655994862,0.0,0.0,0.0,269
276,-0.3193287328579242,-0.45761314932960273,-0.5699990283400114,-0.5359356185538555,0.0,-0.4289522117905443,0.0,1.107051900217165,-0.8084746655994862,0.0,0.0,0.0,300
277,-0.3193287328579242,0.08269501394478607,-0.048258747272147136,0.045093542696446554,0.0,-0.4289522117905443,0.0,1.107051900217165,-0.8084746655994862,0.0,0.0,0.0,274
278,-0.3193287328579242,-0.003961087383698062,-0.08667384982313468,-0.05327015172149766,0.0,-0.4289522117905443,0.0,1.107051900217165,-0.8084746655994862,0.0,0.0,0.0,283
279,-1.4919844802202904,-1.2656793261698158,-1.0539720711867115,-1.1822930258311133,0.0,2.3312620206007844,0.0,-0.9033000167416133,-0.8084746655994862,0.0,0.0,0.0,286
280,-0.4136365259277512,-0.12153650053569842,-0.1643223807853299,-0.11979269610643736,0.0,-0.4289522117905443,0.0,1.107051900217165,-0.8084746655994862,0.0,0.0,0.0,288
281,-0.4136365259277512,0.16808601743006757,0.32175568957325984,0.2369158387192324,0.0,-0.4289522117905443,0.0,1.107051900217165,-0.8084746655994862,0.0,0.0,0.0,214
282,-0.6087079287847206,-0.7147613652189789,-0.28290022254542196,-0.5720118245108375,0.0,-0.4289522117905443,0.0,1.107051900217165,-0.8084746655994862,0.0,0.0,0.0,362
283,-0.6087079287847206,-0.7147613652189789,-0.28290022254542196,-0.5720118245108375,0.0,-0.4289522117905443,0.0,1.107051900217165,-0.8084746655994862,0.0,0.0,0.0,275
284,0.8207588744360778,0.30769120886974577,0.2133535419949648,0.268273607921893,0.0,-0.4289522117905443,0.0,-0.9033000167416133,1.2368971379684446,0.0,0.0,0.0,174
285,0.8207588744360778,0.30769120886974577,0.2133535419949648,0.268273607921893,0.0,-0.4289522117905443,0.0,-0.9033000167416133,1.2368971379684446,0.0,0.0,0.0,344
286,0.8207588744360778,0.3352168119268607,0.2133535419949648,0.268273607921893,0.0,-0.4289522117905443,0.0,-0.9033000167416133,1.2368971379684446,0.0,0.0,0.0,413
287,-0.6087079287847206,-0.45761314932960273,0.10276130344828037,-0.2551903783875733,0.0,-0.4289522117905443,0.0,1.107051900217165,-0.8084746655994862,0.0,0.0,0.0,229
288,-0.6087079287847206,-0.4891451925675163,0.10276130344828037,-0.2551903783875733,0.0,-0.4289522117905443,0.0,1.107051900217165,-0.8084746655994862,0.0,0.0,0.0,260
289,0.8207588744360778,0.2522483306776013,0.7681702363311095,0.4529141316943558,0.0,-0.4289522117905443,0.0,-0.9033000167416133,1.2368971379684446,0.0,0.0,0.0,346
290,0.8207588744360778,0.2522483306776013,0.7681702363311095,0.4529141316943558,0.0,-0.4289522117905443,0.0,-0.9033000167416133,1.2368971379684446,0.0,0.0,0.0,306
291,0.8207588744360778,0.6297457484041564,1.2718936180352045,0.8901473746424262,0.0,-0.4289522117905443,0.0,-0.9033000167416133,1.2368971379684446,0.0,0.0,0.0,285
292,-0.4136365259277512,-0.45761314932960273,-0.6978055258095623,-0.5359356185538555,0.0,-0.4289522117905443,0.0,1.107051900217165,-0.8084746655994862,0.0,0.0,0.0,284
293,-0.4136365259277512,-0.12153650053569842,-0.010111347958534777,-0.08643529253414622,0.0,-0.4289522117905443,0.0,1.107051900217165,-0.8084746655994862,0.0,0.0,0.0,219
294,-1.4919844802202904,-0.9153243230659363,-0.6122705098095379,-0.7933520381581455,0.0,2.3312620206007844,0.0,-0.9033000167416133,-0.8084746655994862,0.0,0.0,0.0,248
295,-1.4919844802202904,-0.7147613652189789,-0.5280514694510391,-0.6448499616728124,0.0,2.3312620206007844,0.0,-0.9033000167416133,-0.8084746655994862,0.0,0.0,0.0,291
