,feature_0,feature_1,feature_2,feature_3,feature_4,feature_5,feature_6,feature_7,feature_8,feature_9,y_train
0,-0.09837387536759286,1.0096310408806155,-0.08019269397646259,-0.5119538789710942,-0.6253887679764593,1.060059352634039,0.9342972823228769,-0.9777617332509396,-1.076317567970117,-1.044161304067202,26.0
1,-0.09837387536759286,1.0096310408806155,-0.08019269397646259,-0.5119538789710942,-0.6253887679764593,-0.5664042619466187,0.08055793844972806,-0.11390776956422917,-0.6467602767152103,0.41347157022641134,21.6
2,-0.09837387536759286,1.0096310408806155,-0.08019269397646259,-0.5119538789710942,-0.6253887679764593,-0.5664042619466187,0.3403916518024252,-1.6693691932201944,-1.1755926324102914,-1.4429698060355503,36.1
3,-0.09837387536759286,1.0096310408806155,-0.08019269397646259,-0.5119538789710942,-0.6253887679764593,1.3311366217308152,1.8622748300110818,-1.3773843436633706,-1.1755926324102914,-1.0031032683031853,26.0
4,-0.09837387536759286,1.0096310408806155,-0.08019269397646259,-0.5119538789710942,-0.6253887679764593,-1.6507133383337238,0.04343883654219999,-0.12023682146050031,-0.3760590152725216,-0.41570767284203614,27.0
5,-0.09837387536759286,1.0096310408806155,-0.08019269397646259,-0.5119538789710942,-0.6253887679764593,-0.024249723753066204,0.3403916518024252,-1.03309542964624,-1.0570842226060198,-0.8062331958313247,28.0
6,-0.09837387536759286,-0.9904608312436418,-0.08019269397646259,-0.5119538789710942,1.5990053726670834,1.3311366217308152,-1.292848832128815,1.7576494876887192,1.572412126910707,1.5288024277422472,13.0
7,-0.09837387536759286,1.0096310408806155,-0.08019269397646259,-0.5119538789710942,-0.6253887679764593,-0.2953269928498425,1.008535486137933,-0.8571200889033009,-1.0570842226060198,-0.8062331958313247,26.0
8,-0.09837387536759286,-0.9904608312436418,-0.08019269397646259,1.9533009536127903,-0.6253887679764593,0.24682754534371007,0.19191524417231293,0.4344111600353867,0.5045355729403194,-0.13170153964650025,19.0
9,-0.09837387536759286,1.0096310408806155,-0.08019269397646259,-0.5119538789710942,-0.6253887679764593,0.7889820835372626,1.4910838109357998,-1.540186617147668,-1.7163419306846328,-2.0208696048644375,29.0
10,-0.09837387536759286,-0.9904608312436418,-0.08019269397646259,-0.5119538789710942,1.5990053726670834,1.6022138908275916,-2.2375299756754075,1.018072111182467,1.5254222444443974,1.846183026243936,15.0
11,-0.09837387536759286,-0.9904608312436418,-0.08019269397646259,1.9533009536127903,-0.6253887679764593,-0.024249723753066204,0.006319734634671923,0.05282866395421626,-0.17521447033174462,0.23427018736232103,19.0
12,-0.09837387536759286,-0.9904608312436418,-0.08019269397646259,-0.5119538789710942,1.5990053726670834,-0.8374815310433951,-0.21639487681049713,1.4577942077004031,1.3245776995036205,1.2652166131976395,16.9
13,-0.09837387536759286,1.0096310408806155,-0.08019269397646259,-0.5119538789710942,-0.6253887679764593,0.24682754534371007,0.19191524417231293,-1.0069481108652332,-1.0570842226060198,-0.8062331958313247,29.0
14,-0.09837387536759286,-0.9904608312436418,-0.08019269397646259,1.9533009536127903,-0.6253887679764593,-0.5664042619466187,0.11767704035725678,0.5890888437258742,-0.09374679360841405,0.8284166896826851,16.2
15,-0.09837387536759286,1.0096310408806155,-0.08019269397646259,-0.5119538789710942,-0.6253887679764593,-1.6507133383337238,1.5282029128433285,-0.36275388729343533,-0.7902137183920096,-0.35010744456561504,28.0
16,-0.09837387536759286,-0.9904608312436418,-0.08019269397646259,1.9533009536127903,-0.6253887679764593,0.5179048144404864,0.3775107537099539,0.2544686111521844,0.267276679664526,-0.13170153964650025,20.0
17,-0.09837387536759286,1.0096310408806155,-0.08019269397646259,-0.5119538789710942,-0.6253887679764593,-1.3796360692369476,0.48886805943253875,-0.7268969827920804,-0.8577121102838503,-0.8062331958313247,32.4
18,-0.09837387536759286,1.0096310408806155,-0.08019269397646259,-0.5119538789710942,-0.6253887679764593,-0.8374815310433951,-0.17927577490296906,-0.2756365508157807,-0.6467602767152103,-0.6220735419461626,27.4
19,-0.09837387536759286,1.0096310408806155,-0.08019269397646259,-0.5119538789710942,-0.6253887679764593,-1.1085588001401714,-0.142156672995441,-0.5081813810948429,-0.631484460289716,-0.35010744456561504,35.0
20,-0.09837387536759286,-0.9904608312436418,-0.08019269397646259,1.9533009536127903,-0.6253887679764593,1.6022138908275916,0.006319734634671923,-0.06617377036262848,0.267276679664526,-0.13170153964650025,22.0
21,-0.09837387536759286,1.0096310408806155,-0.08019269397646259,-0.5119538789710942,-0.6253887679764593,-1.6507133383337238,2.5367289116708576,-1.0743418082624456,-1.0570842226060198,-1.851305810192908,44.0
22,-0.09837387536759286,1.0096310408806155,-0.08019269397646259,-0.5119538789710942,-0.6253887679764593,-1.3796360692369476,0.19191524417231293,-1.323554249454143,-1.1755926324102914,-1.0858187483524147,34.1
23,-0.09837387536759286,-0.9904608312436418,-0.08019269397646259,-0.5119538789710942,1.5990053726670834,1.6022138908275916,-1.292848832128815,0.6852095498987503,1.0812830245883986,0.7633153659017514,18.0
24,-0.09837387536759286,1.0096310408806155,-0.08019269397646259,-0.5119538789710942,-0.6253887679764593,0.5179048144404864,0.006319734634671923,-1.3629493076159926,-1.4380528346241337,-1.1280933623717666,26.0
25,-0.09837387536759286,1.0096310408806155,-0.08019269397646259,-0.5119538789710942,-0.6253887679764593,0.7889820835372626,0.006319734634671923,-0.8571200889033009,-1.0380481457990944,-0.2859815042345018,26.0
26,-0.09837387536759286,1.0096310408806155,-0.08019269397646259,-0.5119538789710942,-0.6253887679764593,1.060059352634039,1.4910838109357998,0.11145378587102303,-0.6621628648506288,-0.3827190481496331,21.0
27,-0.09837387536759286,-0.9904608312436418,-0.08019269397646259,1.9533009536127903,-0.6253887679764593,1.3311366217308152,0.006319734634671923,0.6190228703758112,0.5045355729403194,0.1538850334978607,16.0
28,-0.09837387536759286,1.0096310408806155,-0.08019269397646259,-0.5119538789710942,-0.6253887679764593,0.7889820835372626,2.047870339548723,-1.3864362680459839,-1.0570842226060198,-2.0797064162397745,26.0
29,-0.09837387536759286,1.0096310408806155,-0.08019269397646259,-0.5119538789710942,-0.6253887679764593,1.060059352634039,0.9342972823228769,-0.49266248969895277,-0.6467602767152103,-0.7684381498507259,22.0
30,-0.09837387536759286,-0.9904608312436418,-0.08019269397646259,-0.5119538789710942,1.5990053726670834,0.24682754534371007,-0.550466793978251,1.5220646062686294,1.3245776995036205,1.0749138261439803,15.0
31,-0.09837387536759286,-0.9904608312436418,-0.08019269397646259,1.9533009536127903,-0.6253887679764593,-0.5664042619466187,0.637344467062651,0.3754422839182202,0.5613978255899741,-0.2859815042345018,19.4
32,-0.09837387536759286,-0.9904608312436418,-0.08019269397646259,-0.5119538789710942,1.5990053726670834,-0.8374815310433951,-0.17927577490296906,0.7856558158224048,0.8221869449685107,0.6513996784622913,19.2
33,-0.09837387536759286,1.0096310408806155,-0.08019269397646259,-0.5119538789710942,-0.6253887679764593,-1.3796360692369476,1.0456545880454617,-0.32227892743240305,-0.6621628648506288,-0.8445355729990798,31.6
34,-0.09837387536759286,-0.9904608312436418,-0.08019269397646259,-0.5119538789710942,1.5990053726670834,0.7889820835372626,-1.292848832128815,1.541120040770644,1.572412126910707,1.171651370059114,13.0
35,-0.09837387536759286,1.0096310408806155,-0.08019269397646259,-0.5119538789710942,-0.6253887679764593,-1.6507133383337238,0.26615344798736906,-1.3057915259463349,-1.1755926324102914,-1.1280933623717666,38.0
36,-0.09837387536759286,-0.9904608312436418,-0.08019269397646259,-0.5119538789710942,1.5990053726670834,0.5179048144404864,0.19191524417231293,1.6762827982386974,1.0508061293071391,0.9747812975872484,14.0
37,-0.09837387536759286,1.0096310408806155,-0.08019269397646259,-0.5119538789710942,-0.6253887679764593,1.060059352634039,0.5631062632475949,-1.080986123263367,-1.0475417788689108,-0.6220735419461626,25.0
38,-0.09837387536759286,-0.9904608312436418,-0.08019269397646259,-0.5119538789710942,1.5990053726670834,1.060059352634039,0.19191524417231293,1.4038770265349472,1.0508061293071391,0.9747812975872484,13.0
39,-0.09837387536759286,-0.9904608312436418,-0.08019269397646259,-0.5119538789710942,1.5990053726670834,1.6022138908275916,-0.550466793978251,1.6587101230298085,1.3768628814774855,2.198913503252626,10.0
40,-0.09837387536759286,-0.9904608312436418,-0.08019269397646259,-0.5119538789710942,1.5990053726670834,1.060059352634039,-0.550466793978251,1.2387335984835237,1.0812830245883986,0.7633153659017514,13.0
41,-0.09837387536759286,1.0096310408806155,-0.08019269397646259,-0.5119538789710942,-0.6253887679764593,0.5179048144404864,0.006319734634671923,-1.1110410713193022,-1.1961011418358227,-0.8062331958313247,24.0
42,-0.09837387536759286,1.0096310408806155,-0.08019269397646259,-0.5119538789710942,-0.6253887679764593,-1.6507133383337238,-0.06791846918038422,-1.3324691962722754,-0.9099972922577154,-0.8445355729990798,36.0
43,-0.09837387536759286,1.0096310408806155,-0.08019269397646259,-0.5119538789710942,-0.6253887679764593,0.5179048144404864,-0.36487128444061007,-0.8029165694530124,-1.0570842226060198,-0.694317508391862,26.0
44,-0.09837387536759286,-0.9904608312436418,-0.08019269397646259,-0.5119538789710942,1.5990053726670834,0.24682754534371007,-0.7360623035158921,1.6907337524712736,1.3298729990111742,1.1333489928913538,14.0
45,-0.09837387536759286,-0.9904608312436418,-0.08019269397646259,-0.5119538789710942,1.5990053726670834,0.7889820835372626,-1.664039851204097,1.7494472859413412,1.7493079367544015,2.198913503252626,13.0
46,-0.09837387536759286,-0.9904608312436418,-0.08019269397646259,1.9533009536127903,-0.6253887679764593,1.3311366217308152,-0.17927577490296906,0.4538508490299681,0.7000848183735409,0.014663068258065612,19.0
47,-0.09837387536759286,1.0096310408806155,-0.08019269397646259,-0.5119538789710942,-0.6253887679764593,-0.8374815310433951,-0.29063308062555393,-1.0743418082624456,-1.1755926324102914,-1.044161304067202,37.3
48,-0.09837387536759286,1.0096310408806155,-0.08019269397646259,-0.5119538789710942,-0.6253887679764593,0.7889820835372626,1.4910838109357998,-0.6510054120133781,-0.3760590152725216,-0.9227181144387274,21.0
49,-0.09837387536759286,1.0096310408806155,-0.08019269397646259,-0.5119538789710942,-0.6253887679764593,-0.024249723753066204,-0.4762285901631949,-1.4100803330578724,-1.1961011418358227,-1.0031032683031853,29.0
50,-0.09837387536759286,-0.9904608312436418,-0.08019269397646259,-0.5119538789710942,1.5990053726670834,1.3311366217308152,-0.7360623035158921,1.2867099467617409,1.3298729990111742,1.2281578552496797,14.0
51,-0.09837387536759286,1.0096310408806155,-0.08019269397646259,-0.5119538789710942,-0.6253887679764593,1.060059352634039,0.006319734634671923,-0.8368901992083116,-0.7737158211552182,-0.13170153964650025,24.0
52,-0.09837387536759286,1.0096310408806155,-0.08019269397646259,-0.5119538789710942,-0.6253887679764593,1.3311366217308152,0.006319734634671923,-0.8586810403703611,-0.3760590152725216,-0.2859815042345018,28.0
53,-0.09837387536759286,1.0096310408806155,-0.08019269397646259,-0.5119538789710942,-0.6253887679764593,-1.6507133383337238,-0.36487128444061007,-1.0249035962238517,-0.6621628648506288,-0.35010744456561504,36.0
54,-0.09837387536759286,-0.9904608312436418,-0.08019269397646259,1.9533009536127903,-0.6253887679764593,-1.6507133383337238,-0.29063308062555393,-0.06367922224236304,0.5613978255899741,0.33804468738302285,22.0
55,-0.09837387536759286,-0.9904608312436418,-0.08019269397646259,1.9533009536127903,-0.6253887679764593,0.5179048144404864,0.9342972823228769,0.8120312076651913,0.7585463828140222,0.28662916563861063,16.0
56,-0.09837387536759286,-0.9904608312436418,-0.08019269397646259,-0.5119538789710942,1.5990053726670834,0.24682754534371007,-0.7360623035158921,0.3875345115208763,0.7871008109252333,0.28662916563861063,20.0
57,-0.09837387536759286,-0.9904608312436418,-0.08019269397646259,1.9533009536127903,-0.6253887679764593,0.24682754534371007,0.19191524417231293,0.033473245080714586,0.5613978255899741,0.014663068258065612,20.0
58,-0.09837387536759286,1.0096310408806155,-0.08019269397646259,-0.5119538789710942,-0.6253887679764593,1.6022138908275916,0.7487017727852359,-0.6894916121540253,-0.9277582050032048,-0.13170153964650025,25.0
59,-0.09837387536759286,1.0096310408806155,-0.08019269397646259,-0.5119538789710942,-0.6253887679764593,1.3311366217308152,-0.550466793978251,-0.9153393698092063,-0.7737158211552182,-0.13170153964650025,25.0
60,-0.09837387536759286,-0.9904608312436418,-0.08019269397646259,-0.5119538789710942,1.5990053726670834,0.7889820835372626,-1.664039851204097,1.9071259774780902,1.8115260940225046,2.2703444426716604,12.0
61,-0.09837387536759286,-0.9904608312436418,-0.08019269397646259,1.9533009536127903,-0.6253887679764593,-0.024249723753066204,0.7858208746927646,0.23504358499992553,0.5613978255899741,-0.2859815042345018,22.5
62,-0.09837387536759286,-0.9904608312436418,-0.08019269397646259,1.9533009536127903,-0.6253887679764593,-0.8374815310433951,-0.9587769149610611,-0.23614145233695255,0.016762105627937694,0.41347157022641134,26.8
63,-0.09837387536759286,1.0096310408806155,-0.08019269397646259,-0.5119538789710942,-0.6253887679764593,0.24682754534371007,0.5631062632475949,0.0852525069173065,-0.6621628648506288,-0.35010744456561504,23.0
64,-0.09837387536759286,1.0096310408806155,-0.08019269397646259,-0.5119538789710942,-0.6253887679764593,-0.5664042619466187,-0.2535139787180252,-0.4870361064343008,-0.45735673629604817,-0.13170153964650025,21.1
65,-0.09837387536759286,1.0096310408806155,-0.08019269397646259,-0.5119538789710942,-0.6253887679764593,-0.024249723753066204,0.5259871613400662,-0.9280543998494141,-0.72508418606668,-0.5866260767270667,25.0
66,-0.09837387536759286,1.0096310408806155,-0.08019269397646259,-0.5119538789710942,-0.6253887679764593,-0.5664042619466187,-0.030799367272856145,-0.21005443696095605,-0.3760590152725216,-0.35010744456561504,25.1
67,-0.09837387536759286,1.0096310408806155,-0.08019269397646259,-0.5119538789710942,-0.6253887679764593,0.24682754534371007,-0.550466793978251,-1.4100803330578724,-1.1961011418358227,-1.0031032683031853,29.0
68,-0.09837387536759286,-0.9904608312436418,-0.08019269397646259,-0.5119538789710942,1.5990053726670834,-0.5664042619466187,0.006319734634671923,0.5421317386317789,0.7728785097729372,0.28662916563861063,19.9
69,-0.09837387536759286,-0.9904608312436418,-0.08019269397646259,-0.5119538789710942,1.5990053726670834,1.6022138908275916,-2.035230870279379,1.4423567124691326,1.702318054288092,1.9638691590364794,15.0
70,-0.09837387536759286,1.0096310408806155,-0.08019269397646259,-0.5119538789710942,-0.6253887679764593,1.3311366217308152,1.3054883013981589,-0.6407149402922969,-0.3760590152725216,-0.9227181144387274,22.0
71,-0.09837387536759286,-0.9904608312436418,-0.08019269397646259,-0.5119538789710942,1.5990053726670834,0.7889820835372626,-0.921657813053533,1.2404582994397744,1.3245776995036205,1.6115179077914765,13.0
72,-0.09837387536759286,-0.9904608312436418,-0.08019269397646259,1.9533009536127903,-0.6253887679764593,-0.2953269928498425,-0.36487128444061007,-0.08870427926047827,-0.2981734106151212,-0.0722518007090025,22.0
73,10.165300454651263,-0.9904608312436418,-0.08019269397646259,-0.5119538789710942,-0.6253887679764593,0.7889820835372626,-0.7360623035158921,-1.08431297013456,-1.662541026929174,-0.2859815042345018,18.0
74,-0.09837387536759286,-0.9904608312436418,-0.08019269397646259,1.9533009536127903,-0.6253887679764593,-1.3796360692369476,0.4146298556174826,0.6456464429440115,0.5045355729403194,-0.4490821381481891,17.6
75,-0.09837387536759286,1.0096310408806155,-0.08019269397646259,-0.5119538789710942,-0.6253887679764593,1.060059352634039,-0.17927577490296906,-1.018363770973133,-1.0380481457990944,-0.6220735419461626,28.0
76,-0.09837387536759286,-0.9904608312436418,-0.08019269397646259,-0.5119538789710942,1.5990053726670834,0.7889820835372626,-0.921657813053533,1.2249056119891628,1.3245776995036205,1.0749138261439803,15.0
77,-0.09837387536759286,-0.9904608312436418,-0.08019269397646259,-0.5119538789710942,1.5990053726670834,1.6022138908275916,-1.292848832128815,0.6128503870732697,1.0630570069116676,1.171651370059114,16.0
78,-0.09837387536759286,1.0096310408806155,-0.08019269397646259,-0.5119538789710942,-0.6253887679764593,1.6022138908275916,-0.36487128444061007,-1.0743418082624456,-1.0570842226060198,-0.35010744456561504,27.0
79,-0.09837387536759286,-0.9904608312436418,-0.08019269397646259,1.9533009536127903,-0.6253887679764593,-0.5664042619466187,1.1941309956755741,0.8003331014349999,0.5045355729403194,0.28662916563861063,18.6
80,-0.09837387536759286,1.0096310408806155,-0.08019269397646259,-0.5119538789710942,-0.6253887679764593,-0.024249723753066204,-0.21639487681049713,-0.40781826424372636,-0.3760590152725216,-0.22326503997781427,25.0
81,-0.09837387536759286,-0.9904608312436418,-0.08019269397646259,1.9533009536127903,-0.6253887679764593,0.24682754534371007,-0.36487128444061007,0.11738163320983785,-0.004819547058719964,-0.0722518007090025,18.0
82,-0.09837387536759286,-0.9904608312436418,-0.08019269397646259,-0.5119538789710942,1.5990053726670834,1.060059352634039,-0.7360623035158921,1.2705051370430271,1.1466210143990279,1.171651370059114,15.0
83,-0.09837387536759286,1.0096310408806155,-0.08019269397646259,-0.5119538789710942,-0.6253887679764593,-1.3796360692369476,0.3403916518024252,-1.5250726463296411,-1.280479363514092,-1.2588101521503856,39.0
84,-0.09837387536759286,-0.9904608312436418,-0.08019269397646259,-0.5119538789710942,1.5990053726670834,-0.2953269928498425,-1.218610628313759,1.4293042183775397,1.572412126910707,1.846183026243936,15.5
85,-0.09837387536759286,1.0096310408806155,-0.08019269397646259,-0.5119538789710942,-0.6253887679764593,-1.1085588001401714,-0.06791846918038422,-1.5820863749167215,-1.2168388013596034,-1.3494045628970224,29.8
86,-0.09837387536759286,-0.9904608312436418,-0.08019269397646259,1.9533009536127903,-0.6253887679764593,-1.6507133383337238,0.3403916518024252,0.07087861571876966,0.10066345134818476,0.28662916563861063,25.0
87,-0.09837387536759286,-0.9904608312436418,-0.08019269397646259,1.9533009536127903,-0.6253887679764593,-0.8374815310433951,-0.030799367272856145,0.4137748389387136,0.5533805292426333,0.41347157022641134,21.5
88,-0.09837387536759286,-0.9904608312436418,-0.08019269397646259,-0.5119538789710942,1.5990053726670834,-0.2953269928498425,1.3054883013981589,1.205803369510884,0.7728785097729372,0.28662916563861063,17.0
89,-0.09837387536759286,-0.9904608312436418,-0.08019269397646259,1.9533009536127903,-0.6253887679764593,0.5179048144404864,0.5631062632475949,0.9541470448599992,0.7000848183735409,0.014663068258065612,16.0
90,-0.09837387536759286,1.0096310408806155,-0.08019269397646259,-0.5119538789710942,-0.6253887679764593,-0.8374815310433951,0.6744635689701798,0.004239932715587909,-0.3760590152725216,-0.35010744456561504,22.3
91,-0.09837387536759286,-0.9904608312436418,-0.08019269397646259,1.9533009536127903,-0.6253887679764593,-1.3796360692369476,1.5282029128433285,0.31995017816398336,-0.31092948294719197,-0.7684381498507259,30.7
92,-0.09837387536759286,1.0096310408806155,-0.08019269397646259,-0.5119538789710942,-0.6253887679764593,-0.2953269928498425,0.3403916518024252,-1.323554249454143,-1.0570842226060198,-1.1280933623717666,30.0
93,-0.09837387536759286,1.0096310408806155,-0.08019269397646259,-0.5119538789710942,-0.6253887679764593,-1.6507133383337238,0.26615344798736906,-0.40369767950697993,-0.7902137183920096,-0.4490821381481891,31.0
94,-0.09837387536759286,-0.9904608312436418,-0.08019269397646259,1.9533009536127903,-0.6253887679764593,-0.5664042619466187,1.379726505213215,0.7163442903960596,0.5533805292426333,0.1538850334978607,19.2
95,-0.09837387536759286,-0.9904608312436418,-0.08019269397646259,1.9533009536127903,-0.6253887679764593,-0.024249723753066204,0.45174895752501004,0.990420539613356,-0.037669983720549347,0.5349147598548859,16.5
96,-0.09837387536759286,1.0096310408806155,-0.08019269397646259,-0.5119538789710942,-0.6253887679764593,1.060059352634039,-0.36487128444061007,0.05644603545161319,-0.6467602767152103,0.33804468738302285,18.0
97,-0.09837387536759286,-0.9904608312436418,-0.08019269397646259,-0.5119538789710942,1.5990053726670834,0.7889820835372626,-0.921657813053533,1.6884559468679856,1.3768628814774855,1.5288024277422472,13.0
98,-0.09837387536759286,1.0096310408806155,-0.08019269397646259,-0.5119538789710942,-0.6253887679764593,-0.5664042619466187,-0.4762285901631949,-0.4243488066374969,-0.45735673629604817,-0.13170153964650025,27.5
99,-0.09837387536759286,-0.9904608312436418,-0.08019269397646259,1.9533009536127903,-0.6253887679764593,1.6022138908275916,0.006319734634671923,-0.1405662781567781,0.2766268315222245,-0.0722518007090025,18.0
100,-0.09837387536759286,-0.9904608312436418,-0.08019269397646259,-0.5119538789710942,1.5990053726670834,1.060059352634039,-1.664039851204097,1.6724700758976025,1.702318054288092,2.104463321587962,11.0
101,-0.09837387536759286,-0.9904608312436418,-0.08019269397646259,1.9533009536127903,-0.6253887679764593,0.24682754534371007,2.047870339548723,1.0700215182459558,0.5533805292426333,0.28662916563861063,17.0
102,-0.09837387536759286,-0.9904608312436418,-0.08019269397646259,-0.5119538789710942,1.5990053726670834,1.6022138908275916,-2.2375299756754075,1.418663462624956,1.7493079367544015,2.198913503252626,14.0
103,-0.09837387536759286,1.0096310408806155,-0.08019269397646259,-0.5119538789710942,-0.6253887679764593,1.6022138908275916,1.8622748300110818,-1.6012971533964249,-1.0570842226060198,-2.0797064162397745,26.0
104,-0.09837387536759286,1.0096310408806155,-0.08019269397646259,-0.5119538789710942,-0.6253887679764593,-0.8374815310433951,-0.8474196092384769,-0.9600435280338231,-0.9099972922577154,-1.0031032683031853,34.2
105,-0.09837387536759286,1.0096310408806155,-0.08019269397646259,-0.5119538789710942,-0.6253887679764593,-1.3796360692369476,0.26615344798736906,-1.2182926390258024,-1.0380481457990944,-1.214569199988685,34.4
106,-0.09837387536759286,1.0096310408806155,-0.08019269397646259,-0.5119538789710942,-0.6253887679764593,-1.3796360692369476,0.22903434607984163,-1.7488056719207221,-1.391650387269044,-1.4429698060355503,35.1
107,-0.09837387536759286,1.0096310408806155,-0.08019269397646259,-0.5119538789710942,-0.6253887679764593,0.7889820835372626,-0.550466793978251,-0.394101620955729,-0.7573632817301802,-0.2544509706594995,20.0
108,-0.09837387536759286,1.0096310408806155,-0.08019269397646259,-0.5119538789710942,-0.6253887679764593,0.24682754534371007,-0.36487128444061007,0.07087861571876966,-0.6467602767152103,-0.04298503897399988,22.0
109,-0.09837387536759286,-0.9904608312436418,-0.08019269397646259,-0.5119538789710942,1.5990053726670834,-0.8374815310433951,-0.10503757108791294,0.9996617855037068,1.1466210143990279,0.8710067975665466,18.2
110,-0.09837387536759286,1.0096310408806155,-0.08019269397646259,-0.5119538789710942,-0.6253887679764593,-1.6507133383337238,0.08055793844972806,-1.3593497405638761,-1.1755926324102914,-1.1280933623717666,32.0
111,-0.09837387536759286,1.0096310408806155,-0.08019269397646259,-0.5119538789710942,-0.6253887679764593,-0.8374815310433951,-0.550466793978251,-1.4320468949355794,-1.2168388013596034,-0.9626276356955232,31.9
112,-0.09837387536759286,1.0096310408806155,-0.08019269397646259,-0.5119538789710942,-0.6253887679764593,1.060059352634039,0.3775107537099539,-0.9185138419935706,-0.631484460289716,-0.41570767284203614,21.0
113,-0.09837387536759286,1.0096310408806155,-0.08019269397646259,-0.5119538789710942,-0.6253887679764593,1.060059352634039,0.19191524417231293,-0.6598497232322684,-0.631484460289716,-0.41570767284203614,22.0
114,-0.09837387536759286,1.0096310408806155,-0.08019269397646259,-0.5119538789710942,-0.6253887679764593,-1.1085588001401714,0.3403916518024252,-1.2635216704899186,-1.280479363514092,-1.214569199988685,37.2
115,-0.09837387536759286,1.0096310408806155,-0.08019269397646259,-0.5119538789710942,-0.6253887679764593,-1.3796360692369476,-0.2535139787180252,-0.34921067325565597,-0.6776943464350652,0.014663068258065612,32.9
116,-0.09837387536759286,-0.9904608312436418,-0.08019269397646259,-0.5119538789710942,1.5990053726670834,-0.5664042619466187,-0.8474196092384769,0.9108789077977525,1.1466210143990279,0.9747812975872484,19.4
117,-0.09837387536759286,-0.9904608312436418,-0.08019269397646259,1.9533009536127903,-0.6253887679764593,0.24682754534371007,1.4910838109357998,0.3177122708149569,0.7000848183735409,-0.9227181144387274,15.0
118,-0.09837387536759286,1.0096310408806155,-0.08019269397646259,-0.5119538789710942,-0.6253887679764593,0.7889820835372626,0.3775107537099539,-0.6835433153532509,-0.8577121102838503,-0.16189742200228815,22.0
119,-0.09837387536759286,-0.9904608312436418,-0.08019269397646259,1.9533009536127903,-0.6253887679764593,1.6022138908275916,0.19191524417231293,-0.3872632080283053,0.28593011525405293,-0.4490821381481891,21.0
120,-0.09837387536759286,1.0096310408806155,-0.08019269397646259,-0.5119538789710942,-0.6253887679764593,-1.1085588001401714,-0.17927577490296906,-0.602753345350803,-0.6776943464350652,-0.22326503997781427,37.0
121,-0.09837387536759286,-0.9904608312436418,-0.08019269397646259,1.9533009536127903,-0.6253887679764593,1.6022138908275916,-0.17927577490296906,-0.3048826897774205,0.2766268315222245,-0.2859815042345018,21.0
122,-0.09837387536759286,-0.9904608312436418,-0.08019269397646259,1.9533009536127903,-0.6253887679764593,0.5179048144404864,0.5631062632475949,0.5115365732467798,0.7000848183735409,0.014663068258065612,15.0
123,-0.09837387536759286,1.0096310408806155,-0.08019269397646259,-0.5119538789710942,-0.6253887679764593,-1.6507133383337238,0.7858208746927646,-1.3503668271151623,-1.1755926324102914,-1.0858187483524147,31.0
124,-0.09837387536759286,1.0096310408806155,-0.08019269397646259,-0.5119538789710942,-0.6253887679764593,0.24682754534371007,-0.17927577490296906,-0.24400524765973958,-0.7411535610669696,-0.13170153964650025,23.0
125,-0.09837387536759286,1.0096310408806155,-0.08019269397646259,-0.5119538789710942,-0.6253887679764593,-0.2953269928498425,0.19191524417231293,-0.18415853696657125,-0.23567588234951492,-0.35010744456561504,24.5
126,-0.09837387536759286,1.0096310408806155,-0.08019269397646259,-0.5119538789710942,-0.6253887679764593,-0.024249723753066204,2.493299562439061,-1.235619999897841,-1.3021872275651447,-1.851305810192908,29.0
127,-0.09837387536759286,1.0096310408806155,-0.08019269397646259,-0.5119538789710942,-0.6253887679764593,-0.2953269928498425,-0.513347692070723,-0.9761473123323908,-1.0570842226060198,-0.694317508391862,30.5
128,-0.09837387536759286,-0.9904608312436418,-0.08019269397646259,1.9533009536127903,-0.6253887679764593,0.24682754534371007,2.047870339548723,0.6118205911330762,0.7000848183735409,-0.9227181144387274,15.0
129,-0.09837387536759286,1.0096310408806155,-0.08019269397646259,-0.5119538789710942,-0.6253887679764593,-1.3796360692369476,-0.21639487681049713,-0.936024582571638,-0.9099972922577154,-1.3037478407957528,34.7
130,-0.09837387536759286,1.0096310408806155,-0.08019269397646259,-0.5119538789710942,-0.6253887679764593,-1.6507133383337238,1.1570118937680467,-0.31557793103747717,-0.7902137183920096,-0.35010744456561504,27.0
131,-0.09837387536759286,1.0096310408806155,-0.08019269397646259,-0.5119538789710942,-0.6253887679764593,-0.024249723753066204,0.006319734634671923,-0.5594521765913343,-0.8749773623992328,-0.41570767284203614,28.0
132,-0.09837387536759286,1.0096310408806155,-0.08019269397646259,-0.5119538789710942,-0.6253887679764593,0.7889820835372626,0.006319734634671923,-0.02277132754466969,-0.6467602767152103,0.33804468738302285,19.0
133,-0.09837387536759286,1.0096310408806155,-0.08019269397646259,-0.5119538789710942,-0.6253887679764593,-1.1085588001401714,-0.29063308062555393,-1.0511845688848525,-1.0380481457990944,-0.7684381498507259,41.5
134,-0.09837387536759286,-0.9904608312436418,-0.08019269397646259,-0.5119538789710942,1.5990053726670834,-0.2953269928498425,-1.107253322591174,1.045509050019477,1.069152254486426,1.0749138261439803,17.5
135,-0.09837387536759286,1.0096310408806155,-0.08019269397646259,-0.5119538789710942,-0.6253887679764593,0.5179048144404864,0.3775107537099539,-0.929646999353587,-1.0380481457990944,-0.517025449288978,29.0
136,-0.09837387536759286,1.0096310408806155,-0.08019269397646259,-0.5119538789710942,-0.6253887679764593,0.5179048144404864,0.006319734634671923,-0.6657582487027974,-0.8577121102838503,-0.19241626109597396,26.0
137,-0.09837387536759286,1.0096310408806155,-0.08019269397646259,-0.5119538789710942,-0.6253887679764593,-0.8374815310433951,1.379726505213215,-1.2617713488202305,-1.3021872275651447,-1.214569199988685,31.8
138,-0.09837387536759286,-0.9904608312436418,-0.08019269397646259,1.9533009536127903,-0.6253887679764593,1.3311366217308152,0.006319734634671923,0.4603070600297778,0.5613978255899741,0.014663068258065612,18.0
139,-0.09837387536759286,-0.9904608312436418,-0.08019269397646259,-0.5119538789710942,1.5990053726670834,-0.8374815310433951,-0.8474196092384769,1.1131838906923732,1.3298729990111742,0.9337232618232342,16.5
140,-0.09837387536759286,-0.9904608312436418,-0.08019269397646259,-0.5119538789710942,1.5990053726670834,-0.024249723753066204,-1.292848832128815,1.2014475161688989,1.3245776995036205,1.0749138261439803,13.0
141,-0.09837387536759286,-0.9904608312436418,-0.08019269397646259,1.9533009536127903,-0.6253887679764593,-0.2953269928498425,0.8229399766002921,0.810084209797344,0.5045355729403194,0.014663068258065612,19.0
142,-0.09837387536759286,1.0096310408806155,-0.08019269397646259,-0.5119538789710942,-0.6253887679764593,-1.1085588001401714,2.3448231548089487,0.41921714107571045,-0.2981734106151212,-1.1280933623717666,30.0
143,-0.09837387536759286,1.0096310408806155,-0.08019269397646259,-0.5119538789710942,-0.6253887679764593,1.060059352634039,1.4910838109357998,-0.6407149402922969,-0.3760590152725216,-0.2859815042345018,20.0
144,-0.09837387536759286,1.0096310408806155,-0.08019269397646259,-0.5119538789710942,-0.6253887679764593,0.7889820835372626,1.119892791860518,-0.7875812979392336,-0.631484460289716,-0.4490821381481891,19.0
145,-0.09837387536759286,1.0096310408806155,-0.08019269397646259,-0.5119538789710942,-0.6253887679764593,-1.6507133383337238,0.9342972823228769,-0.1906147479663778,-0.23567588234951492,-0.2859815042345018,27.0
146,-0.09837387536759286,1.0096310408806155,-0.08019269397646259,-0.5119538789710942,-0.6253887679764593,0.24682754534371007,1.119892791860518,-0.3804379992275058,-0.3760590152725216,-0.694317508391862,23.0
147,-0.09837387536759286,-0.9904608312436418,-0.08019269397646259,-0.5119538789710942,1.5990053726670834,1.6022138908275916,-2.2375299756754075,1.4529264889512772,1.8074424813335126,2.2645137315290467,14.0
148,-0.09837387536759286,-0.9904608312436418,-0.08019269397646259,1.9533009536127903,-0.6253887679764593,-0.8374815310433951,0.4146298556174826,0.5368755673439887,0.5045355729403194,0.28662916563861063,20.6
149,-0.09837387536759286,1.0096310408806155,-0.08019269397646259,-0.5119538789710942,-0.6253887679764593,-1.1085588001401714,-0.4019903863481381,-0.10759002965235413,-0.17521447033174462,0.1538850334978607,27.9
150,-0.09837387536759286,-0.9904608312436418,-0.08019269397646259,-0.5119538789710942,1.5990053726670834,1.6022138908275916,-2.035230870279379,0.7442322026251572,1.4918068144825674,1.5288024277422472,15.0
151,-0.09837387536759286,1.0096310408806155,-0.08019269397646259,-0.5119538789710942,-0.6253887679764593,-0.024249723753066204,0.5631062632475949,-1.3146617301988586,-1.3021872275651447,-1.0031032683031853,32.0
152,-0.09837387536759286,-0.9904608312436418,-0.08019269397646259,-0.5119538789710942,1.5990053726670834,0.7889820835372626,-1.107253322591174,1.8748512571032006,1.572412126910707,1.4779972116903874,12.0
153,-0.09837387536759286,1.0096310408806155,-0.08019269397646259,-0.5119538789710942,-0.6253887679764593,1.060059352634039,-0.36487128444061007,-0.49970808609122325,-0.6621628648506288,-0.0722518007090025,23.0
154,-0.09837387536759286,1.0096310408806155,-0.08019269397646259,-0.5119538789710942,-0.6253887679764593,-0.2953269928498425,0.48886805943253875,-1.3955114323113056,-1.3021872275651447,-1.0031032683031853,33.5
155,-0.09837387536759286,1.0096310408806155,-0.08019269397646259,-0.5119538789710942,-0.6253887679764593,-0.2953269928498425,0.11767704035725678,-0.16486035687768946,-0.3760590152725216,-0.3178643415638464,25.5
156,-0.09837387536759286,1.0096310408806155,-0.08019269397646259,-0.5119538789710942,-0.6253887679764593,-1.1085588001401714,1.379726505213215,-1.1076889852077663,-1.3021872275651447,-1.214569199988685,40.8
157,-0.09837387536759286,-0.9904608312436418,-0.08019269397646259,-0.5119538789710942,1.5990053726670834,-0.024249723753066204,-1.2557297302212869,1.4739716937856526,1.3245776995036205,1.6919030616559345,16.5
158,-0.09837387536759286,1.0096310408806155,-0.08019269397646259,-0.5119538789710942,-0.6253887679764593,-1.3796360692369476,0.8600590785078207,-1.1838906687978639,-1.0570842226060198,-1.1280933623717666,32.3
159,-0.09837387536759286,1.0096310408806155,-0.08019269397646259,-0.5119538789710942,-0.6253887679764593,-1.1085588001401714,2.30770405290142,-1.1498202889843614,-1.1961011418358227,-2.0797064162397745,44.3
160,-0.09837387536759286,-0.9904608312436418,-0.08019269397646259,-0.5119538789710942,1.5990053726670834,0.7889820835372626,-1.478444341666456,1.907839857019993,1.702318054288092,1.9638691590364794,12.0
161,-0.09837387536759286,1.0096310408806155,-0.08019269397646259,-0.5119538789710942,-0.6253887679764593,-0.5664042619466187,1.4539647090282712,-1.323554249454143,-1.4616964819883986,-1.851305810192908,32.8
162,-0.09837387536759286,1.0096310408806155,-0.08019269397646259,-0.5119538789710942,-0.6253887679764593,0.5179048144404864,-0.17927577490296906,-0.5237687063882602,-0.6621628648506288,-0.0722518007090025,24.0
163,-0.09837387536759286,-0.9904608312436418,-0.08019269397646259,-0.5119538789710942,1.5990053726670834,-0.5664042619466187,-1.5898016473890408,0.3699321120468166,1.0508061293071391,0.9543261257303279,18.1
164,-0.09837387536759286,-0.9904608312436418,-0.08019269397646259,-0.5119538789710942,1.5990053726670834,0.7889820835372626,-0.36487128444061007,1.356641029096096,1.1466210143990279,1.171651370059114,14.0
165,-0.09837387536759286,-0.9904608312436418,-0.08019269397646259,-0.5119538789710942,1.5990053726670834,1.060059352634039,-1.107253322591174,1.5077053128332105,1.572412126910707,1.846183026243936,13.0
166,-0.09837387536759286,-0.9904608312436418,-0.08019269397646259,-0.5119538789710942,1.5990053726670834,0.7889820835372626,-1.664039851204097,0.843038200698184,1.3245776995036205,1.6919030616559345,11.0
167,-0.09837387536759286,-0.9904608312436418,-0.08019269397646259,1.9533009536127903,-0.6253887679764593,0.7889820835372626,0.3775107537099539,0.27605335322055696,0.5045355729403194,0.1538850334978607,18.0
168,-0.09837387536759286,1.0096310408806155,-0.08019269397646259,-0.5119538789710942,-0.6253887679764593,0.5179048144404864,1.3054883013981589,-1.2916453358213744,-1.3463798205518165,-1.3958037031772332,32.0
169,-0.09837387536759286,1.0096310408806155,-0.08019269397646259,-0.5119538789710942,-0.6253887679764593,-0.8374815310433951,2.5367289116708576,0.35334987112941507,-0.3628489864215157,-0.9626276356955232,27.2
170,-0.09837387536759286,-0.9904608312436418,-0.08019269397646259,1.9533009536127903,-0.6253887679764593,0.7889820835372626,0.9342972823228769,0.4495401478375333,0.7000848183735409,0.014663068258065612,16.0
171,-0.09837387536759286,-0.9904608312436418,-0.08019269397646259,1.9533009536127903,-0.6253887679764593,-0.2953269928498425,0.3403916518024252,0.7013133341973212,0.7000848183735409,0.28662916563861063,17.5
172,-0.09837387536759286,-0.9904608312436418,-0.08019269397646259,-0.5119538789710942,1.5990053726670834,1.060059352634039,-0.7360623035158921,1.534779636308837,1.3245776995036205,1.3558110239442738,12.0
173,-0.09837387536759286,1.0096310408806155,-0.08019269397646259,-0.5119538789710942,-0.6253887679764593,1.6022138908275916,-1.107253322591174,-0.9058330228700013,-0.6467602767152103,0.36340915887864533,26.0
174,-0.09837387536759286,-0.9904608312436418,-0.08019269397646259,-0.5119538789710942,1.5990053726670834,1.3311366217308152,-1.292848832128815,1.3332041241229657,1.3245776995036205,1.4436174674396565,14.0
175,-0.09837387536759286,1.0096310408806155,-0.08019269397646259,-0.5119538789710942,-0.6253887679764593,0.5179048144404864,-0.36487128444061007,-1.0826491553052011,-1.1961011418358227,-0.8062331958313247,28.0
176,-0.09837387536759286,-0.9904608312436418,-0.08019269397646259,1.9533009536127903,-0.6253887679764593,0.7889820835372626,-0.7360623035158921,-0.09876412109766981,-0.17521447033174462,0.5820808627132029,20.0
177,-0.09837387536759286,-0.9904608312436418,-0.08019269397646259,-0.5119538789710942,1.5990053726670834,1.060059352634039,-0.7360623035158921,1.5710826186811562,1.3245776995036205,1.2652166131976395,13.0
178,-0.09837387536759286,1.0096310408806155,-0.08019269397646259,-0.5119538789710942,-0.6253887679764593,-1.3796360692369476,0.08055793844972806,-0.5223488330854926,-0.44355740716436237,-0.4828515767063649,27.2
179,-0.09837387536759286,1.0096310408806155,-0.08019269397646259,-0.5119538789710942,-0.6253887679764593,-1.6507133383337238,0.19191524417231293,-0.47300920493333143,-0.44355740716436237,-0.4828515767063649,29.0
180,-0.09837387536759286,-0.9904608312436418,-0.08019269397646259,1.9533009536127903,-0.6253887679764593,-1.1085588001401714,1.1941309956755741,0.5588991559709618,0.5045355729403194,-0.2859815042345018,19.1
181,-0.09837387536759286,1.0096310408806155,-0.08019269397646259,-0.5119538789710942,-0.6253887679764593,-1.1085588001401714,0.3775107537099539,-0.2650613012233289,-0.23567588234951492,-0.2859815042345018,28.0
182,-0.09837387536759286,1.0096310408806155,-0.08019269397646259,-0.5119538789710942,-0.6253887679764593,-1.6507133383337238,0.6744635689701798,0.07687484199079155,-0.23567588234951492,-0.2859815042345018,27.0
183,-0.09837387536759286,-0.9904608312436418,-0.08019269397646259,1.9533009536127903,-0.6253887679764593,0.5179048144404864,0.19191524417231293,0.017668551849046088,0.5613978255899741,0.014663068258065612,19.0
184,-0.09837387536759286,1.0096310408806155,-0.08019269397646259,-0.5119538789710942,-0.6253887679764593,0.5179048144404864,-0.550466793978251,-0.8868966854050786,-0.72508418606668,-0.8062331958313247,26.0
185,-0.09837387536759286,-0.9904608312436418,-0.08019269397646259,-0.5119538789710942,1.5990053726670834,-0.2953269928498425,-1.5155634435739842,1.2960578353535777,1.3245776995036205,1.5288024277422472,15.5
186,-0.09837387536759286,-0.9904608312436418,-0.08019269397646259,-0.5119538789710942,1.5990053726670834,0.7889820835372626,-0.921657813053533,1.142555219147008,1.3245776995036205,1.0749138261439803,13.0
187,-0.09837387536759286,-0.9904608312436418,-0.08019269397646259,1.9533009536127903,-0.6253887679764593,-1.6507133383337238,0.5631062632475949,0.15391405065049332,0.7871008109252333,-0.4490821381481891,38.0
188,-0.09837387536759286,-0.9904608312436418,-0.08019269397646259,1.9533009536127903,-0.6253887679764593,-0.024249723753066204,2.047870339548723,0.7551282515883939,0.7000848183735409,-0.694317508391862,18.0
189,10.165300454651263,-0.9904608312436418,-0.08019269397646259,-0.5119538789710942,-0.6253887679764593,-1.1085588001401714,-1.107253322591174,-0.6231435310859041,-1.662541026929174,0.014663068258065612,23.7
190,-0.09837387536759286,1.0096310408806155,-0.08019269397646259,-0.5119538789710942,-0.6253887679764593,-0.024249723753066204,2.4561804605315336,-1.018363770973133,-1.0380481457990944,-1.4429698060355503,24.5
191,-0.09837387536759286,1.0096310408806155,-0.08019269397646259,-0.5119538789710942,-0.6253887679764593,-1.6507133383337238,0.9342972823228769,-0.6598497232322684,-0.7902137183920096,-0.35010744456561504,34.0
192,-0.09837387536759286,-0.9904608312436418,-0.08019269397646259,-0.5119538789710942,1.5990053726670834,-0.8374815310433951,0.7115826708777072,1.0636827380720564,1.3245776995036205,0.6513996784622913,23.0
193,-0.09837387536759286,1.0096310408806155,-0.08019269397646259,-0.5119538789710942,-0.6253887679764593,-0.024249723753066204,0.8229399766002921,-0.8727607097303469,-1.0380481457990944,-0.657966898916246,26.0
194,-0.09837387536759286,1.0096310408806155,-0.08019269397646259,-0.5119538789710942,-0.6253887679764593,-0.024249723753066204,0.7115826708777072,-1.6792016739404134,-1.1755926324102914,-1.7969520857643206,33.0
195,-0.09837387536759286,1.0096310408806155,-0.08019269397646259,-0.5119538789710942,-0.6253887679764593,-0.5664042619466187,0.4146298556174826,-1.0660539391907622,-1.0380481457990944,-1.0858187483524147,29.5
196,-0.09837387536759286,-0.9904608312436418,-0.08019269397646259,-0.5119538789710942,1.5990053726670834,-0.2953269928498425,-0.21639487681049713,1.40470011992316,1.0508061293071391,0.7633153659017514,15.0
197,-0.09837387536759286,1.0096310408806155,-0.08019269397646259,-0.5119538789710942,-0.6253887679764593,-1.6507133383337238,0.3403916518024252,-0.026470725621445514,-0.3760590152725216,-0.22326503997781427,24.0
198,-0.09837387536759286,1.0096310408806155,-0.08019269397646259,-0.5119538789710942,-0.6253887679764593,0.5179048144404864,2.047870339548723,-1.599371370434207,-1.636214327101402,-1.214569199988685,32.0
199,-0.09837387536759286,-0.9904608312436418,-0.08019269397646259,-0.5119538789710942,1.5990053726670834,1.3311366217308152,-1.478444341666456,1.541120040770644,1.572412126910707,1.6115179077914765,14.0
200,-0.09837387536759286,-0.9904608312436418,-0.08019269397646259,-0.5119538789710942,1.5990053726670834,1.6022138908275916,-2.2375299756754075,0.7895757214525333,1.270776795748165,1.3558110239442738,14.0
201,-0.09837387536759286,1.0096310408806155,-0.08019269397646259,-0.5119538789710942,-0.6253887679764593,-1.3796360692369476,0.5259871613400662,-1.7588619362844395,-1.4380528346241337,-1.5397073499506815,39.1
202,-0.09837387536759286,-0.9904608312436418,-0.08019269397646259,-0.5119538789710942,1.5990053726670834,-0.024249723753066204,-0.921657813053533,1.3382394163415487,1.069152254486426,0.9747812975872484,17.5
203,-0.09837387536759286,-0.9904608312436418,-0.08019269397646259,-0.5119538789710942,1.5990053726670834,-0.8374815310433951,-0.030799367272856145,1.008878934245745,1.069152254486426,0.7633153659017514,17.0
204,-0.09837387536759286,-0.9904608312436418,-0.08019269397646259,1.9533009536127903,-0.6253887679764593,0.7889820835372626,-0.550466793978251,-0.5479942263975363,-0.18715021062022397,0.20772595636973407,21.0
205,-0.09837387536759286,1.0096310408806155,-0.08019269397646259,-0.5119538789710942,-0.6253887679764593,0.24682754534371007,0.7487017727852359,-1.6792016739404134,-1.1755926324102914,-1.7969520857643206,33.0
206,-0.09837387536759286,1.0096310408806155,-0.08019269397646259,-0.5119538789710942,-0.6253887679764593,-1.3796360692369476,-0.4019903863481381,-0.3424584753290777,-0.17521447033174462,-0.22326503997781427,25.8
207,-0.09837387536759286,-0.9904608312436418,12.469963913339933,-0.5119538789710942,-0.6253887679764593,-0.5664042619466187,0.15479614226478486,-0.0699188964834619,-0.4993812007314207,0.09900864504094845,20.3
208,-0.09837387536759286,1.0096310408806155,-0.08019269397646259,-0.5119538789710942,-0.6253887679764593,0.7889820835372626,0.006319734634671923,-1.0281780517981811,-0.72508418606668,-0.8062331958313247,24.0
209,-0.09837387536759286,-0.9904608312436418,-0.08019269397646259,1.9533009536127903,-0.6253887679764593,-1.3796360692369476,0.6002253651551236,0.20628203868748748,0.28593011525405293,-0.35010744456561504,20.2
210,-0.09837387536759286,1.0096310408806155,-0.08019269397646259,-0.5119538789710942,-0.6253887679764593,-0.5664042619466187,-0.21639487681049713,-0.6451214746752035,-0.6776943464350652,-0.0722518007090025,23.9
211,-0.09837387536759286,1.0096310408806155,-0.08019269397646259,-0.5119538789710942,-0.6253887679764593,-1.6507133383337238,0.5259871613400662,-0.8884708446560824,-0.8577121102838503,-1.0031032683031853,34.0
212,-0.09837387536759286,-0.9904608312436418,-0.08019269397646259,1.9533009536127903,-0.6253887679764593,-0.8374815310433951,1.008535486137933,0.4354939520609207,0.5613978255899741,-0.2859815042345018,20.2
213,-0.09837387536759286,1.0096310408806155,-0.08019269397646259,-0.5119538789710942,-0.6253887679764593,-1.3796360692369476,1.825155728103553,0.3973974758667606,-0.3628489864215157,-0.6220735419461626,28.1
214,-0.09837387536759286,-0.9904608312436418,-0.08019269397646259,-0.5119538789710942,1.5990053726670834,0.24682754534371007,-1.292848832128815,0.33000326468667324,1.0508061293071391,0.7412806289590124,13.0
215,-0.09837387536759286,1.0096310408806155,-0.08019269397646259,-0.5119538789710942,-0.6253887679764593,-0.5664042619466187,1.1570118937680467,-1.175342237691468,-1.3021872275651447,-1.0031032683031853,39.4
216,-0.09837387536759286,-0.9904608312436418,-0.08019269397646259,-0.5119538789710942,1.5990053726670834,0.5179048144404864,-0.7360623035158921,1.535572809102404,1.1466210143990279,1.171651370059114,14.0
217,-0.09837387536759286,-0.9904608312436418,-0.08019269397646259,-0.5119538789710942,1.5990053726670834,0.24682754534371007,-1.478444341666456,1.6990731708030837,1.572412126910707,1.5288024277422472,16.0
218,-0.09837387536759286,-0.9904608312436418,-0.08019269397646259,1.9533009536127903,-0.6253887679764593,-0.024249723753066204,0.26615344798736906,0.8246606203078369,0.7000848183735409,0.28662916563861063,18.5
219,-0.09837387536759286,-0.9904608312436418,-0.08019269397646259,1.9533009536127903,-0.6253887679764593,-0.024249723753066204,0.8229399766002921,0.8304743955324452,0.5045355729403194,0.014663068258065612,20.0
220,-0.09837387536759286,1.0096310408806155,-0.08019269397646259,-0.5119538789710942,-0.6253887679764593,-1.6507133383337238,-0.5875858958857791,-0.28226218450771257,-0.32377383329865655,-0.1018218503493397,32.0
221,-0.09837387536759286,-0.9904608312436418,-0.08019269397646259,-0.5119538789710942,1.5990053726670834,1.6022138908275916,-1.664039851204097,0.6159379760362639,1.1466210143990279,1.171651370059114,18.0
222,-0.09837387536759286,1.0096310408806155,-0.08019269397646259,-0.5119538789710942,-0.6253887679764593,-0.024249723753066204,-0.698943201608364,-0.41745168339613503,-0.3760590152725216,-0.9227181144387274,26.5
223,-0.09837387536759286,-0.9904608312436418,-0.08019269397646259,-0.5119538789710942,1.5990053726670834,0.7889820835372626,-2.22082637981702,1.3906813993030276,1.572412126910707,2.2703444426716604,16.0
224,-0.09837387536759286,-0.9904608312436418,-0.08019269397646259,-0.5119538789710942,1.5990053726670834,-0.2953269928498425,-1.626920749296569,1.3424300209102802,1.572412126910707,1.6919030616559345,16.0
225,-0.09837387536759286,1.0096310408806155,-0.08019269397646259,-0.5119538789710942,-0.6253887679764593,-0.2953269928498425,-0.36487128444061007,-1.4046099560985632,-1.0570842226060198,-0.694317508391862,29.0
226,-0.09837387536759286,-0.9904608312436418,-0.08019269397646259,-0.5119538789710942,1.5990053726670834,1.6022138908275916,-0.17927577490296906,1.4707421142647632,1.0812830245883986,1.9925476341484993,10.0
227,-0.09837387536759286,-0.9904608312436418,-0.08019269397646259,-0.5119538789710942,1.5990053726670834,0.7889820835372626,-1.664039851204097,0.5776679144372817,1.1466210143990279,1.171651370059114,15.0
228,-0.09837387536759286,1.0096310408806155,-0.08019269397646259,-0.5119538789710942,-0.6253887679764593,-1.1085588001401714,0.8971781804153481,-1.1076889852077663,-1.280479363514092,-1.214569199988685,46.6
229,-0.09837387536759286,-0.9904608312436418,-0.08019269397646259,1.9533009536127903,-0.6253887679764593,-0.2953269928498425,0.5259871613400662,0.6046036069203279,0.5533805292426333,0.1538850334978607,20.5
230,-0.09837387536759286,1.0096310408806155,-0.08019269397646259,-0.5119538789710942,-0.6253887679764593,-1.6507133383337238,1.008535486137933,-1.2530327175717508,-1.1755926324102914,-1.0858187483524147,37.0
231,-0.09837387536759286,-0.9904608312436418,-0.08019269397646259,1.9533009536127903,-0.6253887679764593,-0.5664042619466187,-0.7731814054234202,0.6251845939692924,0.5533805292426333,1.4436174674396565,17.7
232,-0.09837387536759286,1.0096310408806155,-0.08019269397646259,-0.5119538789710942,-0.6253887679764593,-1.1085588001401714,-0.6247049977933072,-1.57251999684576,-1.1755926324102914,-1.1280933623717666,44.6
233,-0.09837387536759286,-0.9904608312436418,-0.08019269397646259,1.9533009536127903,-0.6253887679764593,-1.3796360692369476,-1.070134220683646,-0.20356265453074107,0.016762105627937694,0.28662916563861063,23.5
234,-0.09837387536759286,1.0096310408806155,-0.08019269397646259,-0.5119538789710942,-0.6253887679764593,0.5179048144404864,1.3054883013981589,-1.3864362680459839,-1.4380528346241337,-1.1280933623717666,31.0
235,-0.09837387536759286,-0.9904608312436418,-0.08019269397646259,-0.5119538789710942,1.5990053726670834,1.060059352634039,-0.550466793978251,1.2205732489762837,1.1466210143990279,1.171651370059114,14.0
236,-0.09837387536759286,1.0096310408806155,-0.08019269397646259,-0.5119538789710942,-0.6253887679764593,-1.1085588001401714,0.006319734634671923,-0.2217697748282414,-0.45735673629604817,-0.2859815042345018,29.8
237,-0.09837387536759286,1.0096310408806155,-0.08019269397646259,-0.5119538789710942,-0.6253887679764593,1.3311366217308152,-0.36487128444061007,-1.0743418082624456,-1.0570842226060198,-0.35010744456561504,27.0
238,-0.09837387536759286,1.0096310408806155,-0.08019269397646259,-0.5119538789710942,-0.6253887679764593,1.060059352634039,0.3775107537099539,-1.1244812948871525,-1.0570842226060198,-0.35010744456561504,27.0
239,-0.09837387536759286,1.0096310408806155,-0.08019269397646259,-0.5119538789710942,-0.6253887679764593,-1.1085588001401714,2.5367289116708576,-0.7495316889907931,-1.1961011418358227,-2.0797064162397745,43.4
240,-0.09837387536759286,1.0096310408806155,-0.08019269397646259,-0.5119538789710942,-0.6253887679764593,0.7889820835372626,1.3054883013981589,-0.8353388388412037,-1.0570842226060198,-0.35010744456561504,20.0
241,-0.09837387536759286,1.0096310408806155,-0.08019269397646259,-0.5119538789710942,-0.6253887679764593,-1.6507133383337238,0.6744635689701798,-1.0826491553052011,-1.0380481457990944,-1.0031032683031853,36.0
242,-0.09837387536759286,-0.9904608312436418,-0.08019269397646259,-0.5119538789710942,1.5990053726670834,-0.5664042619466187,-0.9958960168685892,0.7511699370205326,1.0508061293071391,0.9543261257303279,20.2
243,-0.09837387536759286,-0.9904608312436418,-0.08019269397646259,1.9533009536127903,-0.6253887679764593,0.5179048144404864,0.3775107537099539,0.7934912848988446,0.5045355729403194,0.1538850334978607,18.0
244,-0.09837387536759286,1.0096310408806155,-0.08019269397646259,-0.5119538789710942,-0.6253887679764593,-0.024249723753066204,-0.06791846918038422,-0.9568315564000789,-0.9820840702155381,-0.517025449288978,27.0
245,-0.09837387536759286,-0.9904608312436418,-0.08019269397646259,-0.5119538789710942,1.5990053726670834,-0.8374815310433951,-0.7731814054234202,0.9014022947765136,1.0508061293071391,0.7412806289590124,17.6
246,-0.09837387536759286,-0.9904608312436418,-0.08019269397646259,1.9533009536127903,-0.6253887679764593,1.3311366217308152,-0.7360623035158921,0.0912244200453677,0.7585463828140222,0.28662916563861063,18.0
247,-0.09837387536759286,1.0096310408806155,-0.08019269397646259,-0.5119538789710942,-0.6253887679764593,-1.6507133383337238,-0.17927577490296906,-1.3593497405638761,-1.1755926324102914,-1.1280933623717666,38.0
248,-0.09837387536759286,-0.9904608312436418,-0.08019269397646259,-0.5119538789710942,1.5990053726670834,1.060059352634039,-1.478444341666456,0.8507476356838334,1.0630570069116676,1.171651370059114,17.0
249,-0.09837387536759286,-0.9904608312436418,-0.08019269397646259,-0.5119538789710942,1.5990053726670834,-0.8374815310433951,-0.921657813053533,1.099752179002881,1.3768628814774855,1.171651370059114,18.5
250,-0.09837387536759286,-0.9904608312436418,-0.08019269397646259,-0.5119538789710942,1.5990053726670834,0.7889820835372626,-1.478444341666456,0.8507476356838334,1.0630570069116676,1.171651370059114,14.0
251,-0.09837387536759286,1.0096310408806155,-0.08019269397646259,-0.5119538789710942,-0.6253887679764593,-0.5664042619466187,2.2334658490863637,-1.323554249454143,-1.1961011418358227,-2.0797064162397745,43.1
252,-0.09837387536759286,-0.9904608312436418,-0.08019269397646259,-0.5119538789710942,1.5990053726670834,-0.024249723753066204,-0.921657813053533,1.3172115462402687,1.1466210143990279,1.171651370059114,16.0
253,10.165300454651263,-0.9904608312436418,-0.08019269397646259,-0.5119538789710942,-0.6253887679764593,1.060059352634039,-0.7360623035158921,-0.7571089149142123,-1.662541026929174,-0.0722518007090025,19.0
254,-0.09837387536759286,-0.9904608312436418,-0.08019269397646259,1.9533009536127903,-0.6253887679764593,0.24682754534371007,1.119892791860518,1.0609626344059215,0.7000848183735409,0.1538850334978607,16.0
255,-0.09837387536759286,-0.9904608312436418,-0.08019269397646259,-0.5119538789710942,1.5990053726670834,1.6022138908275916,-2.22082637981702,0.935399854059602,1.572412126910707,1.171651370059114,15.0
256,-0.09837387536759286,-0.9904608312436418,-0.08019269397646259,1.9533009536127903,-0.6253887679764593,1.3311366217308152,0.006319734634671923,0.47532585153336177,0.7000848183735409,-0.35010744456561504,19.0
257,-0.09837387536759286,-0.9904608312436418,-0.08019269397646259,-0.5119538789710942,1.5990053726670834,1.6022138908275916,1.119892791860518,1.7472070146887557,1.0630570069116676,1.8908860437057602,9.0
258,-0.09837387536759286,1.0096310408806155,-0.08019269397646259,-0.5119538789710942,-0.6253887679764593,0.24682754534371007,0.3775107537099539,-0.9232809021088236,-1.1961011418358227,-0.9626276356955232,25.0
259,-0.09837387536759286,1.0096310408806155,-0.08019269397646259,-0.5119538789710942,-0.6253887679764593,0.5179048144404864,0.3775107537099539,-1.9790777303089215,-1.5099070164016406,-1.851305810192908,31.0
260,-0.09837387536759286,1.0096310408806155,-0.08019269397646259,-0.5119538789710942,-0.6253887679764593,-1.1085588001401714,0.9714163842304057,-0.02030721134888113,-0.3760590152725216,-0.35010744456561504,26.4
261,-0.09837387536759286,1.0096310408806155,-0.08019269397646259,-0.5119538789710942,-0.6253887679764593,-0.5664042619466187,-0.29063308062555393,-0.8029165694530124,-0.6776943464350652,-0.0722518007090025,27.2
262,-0.09837387536759286,-0.9904608312436418,-0.08019269397646259,-0.5119538789710942,1.5990053726670834,-0.2953269928498425,-0.6618240997008359,1.2747767684265754,1.1466210143990279,1.0749138261439803,15.5
263,-0.09837387536759286,-0.9904608312436418,-0.08019269397646259,-0.5119538789710942,1.5990053726670834,0.7889820835372626,-1.664039851204097,0.9913457521666591,1.3768628814774855,1.6115179077914765,13.0
264,-0.09837387536759286,1.0096310408806155,-0.08019269397646259,-0.5119538789710942,-0.6253887679764593,1.3311366217308152,-0.36487128444061007,-1.1838906687978639,-1.237810789678393,-0.7684381498507259,30.0
265,-0.09837387536759286,1.0096310408806155,-0.08019269397646259,-0.5119538789710942,-0.6253887679764593,-0.2953269928498425,-0.9958960168685892,-0.3695450028111887,-0.6467602767152103,0.28662916563861063,21.5
266,-0.09837387536759286,1.0096310408806155,-0.08019269397646259,-0.5119538789710942,-0.6253887679764593,-0.8374815310433951,-0.10503757108791294,-1.341406684067161,-1.280479363514092,-1.214569199988685,34.1
267,-0.09837387536759286,-0.9904608312436418,-0.08019269397646259,-0.5119538789710942,1.5990053726670834,-0.8374815310433951,2.493299562439061,0.5994395818386633,0.7728785097729372,-0.2859815042345018,23.9
268,-0.09837387536759286,1.0096310408806155,-0.08019269397646259,-0.5119538789710942,-0.6253887679764593,0.24682754534371007,-0.7360623035158921,-0.2743129130771451,-0.6467602767152103,0.41347157022641134,25.0
269,-0.09837387536759286,-0.9904608312436418,-0.08019269397646259,-0.5119538789710942,1.5990053726670834,1.3311366217308152,-1.478444341666456,1.9099806310067244,1.4918068144825674,1.6919030616559345,12.0
270,-0.09837387536759286,-0.9904608312436418,-0.08019269397646259,1.9533009536127903,-0.6253887679764593,-0.8374815310433951,-1.552682545481512,-0.37634919074415785,0.016762105627937694,0.41347157022641134,28.8
271,-0.09837387536759286,-0.9904608312436418,-0.08019269397646259,-0.5119538789710942,1.5990053726670834,-0.024249723753066204,-0.8474196092384769,1.099752179002881,1.1466210143990279,1.171651370059114,13.0
272,-0.09837387536759286,-0.9904608312436418,-0.08019269397646259,1.9533009536127903,-0.6253887679764593,-0.5664042619466187,0.637344467062651,0.6097600987752774,0.5045355729403194,0.014663068258065612,20.5
273,-0.09837387536759286,-0.9904608312436418,12.469963913339933,-0.5119538789710942,-0.6253887679764593,-1.1085588001401714,1.6395602185659122,0.07687484199079155,-0.6467602767152103,-1.1280933623717666,36.4
274,-0.09837387536759286,-0.9904608312436418,-0.08019269397646259,-0.5119538789710942,1.5990053726670834,1.6022138908275916,-1.849635360741738,0.6292864505824367,1.0508061293071391,0.9747812975872484,17.0
275,-0.09837387536759286,-0.9904608312436418,-0.08019269397646259,1.9533009536127903,-0.6253887679764593,-0.5664042619466187,0.11767704035725678,0.5578535193593709,0.5533805292426333,0.1538850334978607,20.6
276,-0.09837387536759286,1.0096310408806155,-0.08019269397646259,-0.5119538789710942,-0.6253887679764593,-1.3796360692369476,-0.4019903863481381,-0.9440127770215438,-0.8749773623992328,-0.8062331958313247,33.7
277,-0.09837387536759286,-0.9904608312436418,-0.08019269397646259,1.9533009536127903,-0.6253887679764593,0.7889820835372626,0.19191524417231293,0.021322065910441744,0.267276679664526,-0.13170153964650025,23.0
278,-0.09837387536759286,-0.9904608312436418,-0.08019269397646259,1.9533009536127903,-0.6253887679764593,-0.2953269928498425,1.3054883013981589,0.7063307580911646,0.7000848183735409,-0.04298503897399988,18.5
279,-0.09837387536759286,1.0096310408806155,-0.08019269397646259,-0.5119538789710942,-0.6253887679764593,-1.3796360692369476,0.3403916518024252,-0.32227892743240305,-0.23567588234951492,-0.4828515767063649,26.6
280,-0.09837387536759286,-0.9904608312436418,-0.08019269397646259,-0.5119538789710942,1.5990053726670834,-0.024249723753066204,-0.550466793978251,0.9297562532763257,1.1466210143990279,1.171651370059114,13.0
281,-0.09837387536759286,1.0096310408806155,-0.08019269397646259,-0.5119538789710942,-0.6253887679764593,0.24682754534371007,0.5631062632475949,-0.4451212927042306,-0.6776943464350652,-0.0722518007090025,24.0
282,-0.09837387536759286,-0.9904608312436418,-0.08019269397646259,1.9533009536127903,-0.6253887679764593,0.7889820835372626,0.19191524417231293,0.07087861571876966,0.5613978255899741,0.014663068258065612,18.0
283,-0.09837387536759286,1.0096310408806155,-0.08019269397646259,-0.5119538789710942,-0.6253887679764593,-0.2953269928498425,-0.2535139787180252,-1.03309542964624,-0.8068595808075291,-0.6220735419461626,30.0
284,-0.09837387536759286,-0.9904608312436418,-0.08019269397646259,-0.5119538789710942,1.5990053726670834,1.060059352634039,-1.292848832128815,1.3873747811575827,1.3245776995036205,1.4436174674396565,13.0
285,-0.09837387536759286,-0.9904608312436418,-0.08019269397646259,1.9533009536127903,-0.6253887679764593,1.3311366217308152,-0.36487128444061007,0.29638118614936076,0.7000848183735409,-0.35010744456561504,18.0
286,-0.09837387536759286,-0.9904608312436418,-0.08019269397646259,1.9533009536127903,-0.6253887679764593,1.3311366217308152,-0.921657813053533,-0.3236206524588447,0.5613978255899741,0.014663068258065612,19.0
287,-0.09837387536759286,1.0096310408806155,-0.08019269397646259,-0.5119538789710942,-0.6253887679764593,-0.5664042619466187,-0.36487128444061007,-0.9121677459627618,-0.9099972922577154,-0.8062331958313247,30.9
288,-0.09837387536759286,-0.9904608312436418,-0.08019269397646259,1.9533009536127903,-0.6253887679764593,-0.024249723753066204,0.8600590785078207,0.35667254836581197,0.7585463828140222,-0.13170153964650025,17.5
289,-0.09837387536759286,1.0096310408806155,-0.08019269397646259,-0.5119538789710942,-0.6253887679764593,-1.6507133383337238,1.1570118937680467,-0.33571915100025335,-0.6621628648506288,-0.657966898916246,28.0
290,-0.09837387536759286,-0.9904608312436418,-0.08019269397646259,-0.5119538789710942,1.5990053726670834,1.6022138908275916,-0.7360623035158921,1.4755853776939416,1.1466210143990279,2.131769599388297,11.0
291,-0.09837387536759286,1.0096310408806155,-0.08019269397646259,-0.5119538789710942,-0.6253887679764593,-1.3796360692369476,-0.4762285901631949,-0.9761473123323908,-0.9099972922577154,-0.8445355729990798,33.0
292,-0.09837387536759286,-0.9904608312436418,-0.08019269397646259,-0.5119538789710942,1.5990053726670834,-0.2953269928498425,-0.36487128444061007,1.437467673598833,1.3298729990111742,1.1525644476912005,16.0
293,-0.09837387536759286,-0.9904608312436418,-0.08019269397646259,-0.5119538789710942,1.5990053726670834,-0.5664042619466187,-0.8474196092384769,0.6046036069203279,1.069152254486426,1.0749138261439803,19.2
294,-0.09837387536759286,-0.9904608312436418,-0.08019269397646259,-0.5119538789710942,1.5990053726670834,-0.8374815310433951,-0.4391094882556662,1.2005757010110214,1.3298729990111742,1.0152569301949106,15.5
295,-0.09837387536759286,-0.9904608312436418,-0.08019269397646259,1.9533009536127903,-0.6253887679764593,0.24682754534371007,-0.17927577490296906,0.18194016012290595,0.5533805292426333,0.28662916563861063,21.0
296,-0.09837387536759286,1.0096310408806155,-0.08019269397646259,-0.5119538789710942,-0.6253887679764593,-1.1085588001401714,0.5631062632475949,-0.8183186615329603,-0.8749773623992328,-0.9227181144387274,32.4
297,-0.09837387536759286,-0.9904608312436418,-0.08019269397646259,-0.5119538789710942,1.5990053726670834,0.5179048144404864,0.006319734634671923,1.3732870430927242,1.0630570069116676,1.171651370059114,14.0
298,-0.09837387536759286,-0.9904608312436418,-0.08019269397646259,-0.5119538789710942,1.5990053726670834,1.060059352634039,-1.292848832128815,1.478004523133211,1.572412126910707,1.6115179077914765,14.0
299,-0.09837387536759286,-0.9904608312436418,-0.08019269397646259,-0.5119538789710942,1.5990053726670834,0.5179048144404864,-0.36487128444061007,1.7224698636168307,1.3245776995036205,1.171651370059114,13.0
300,-0.09837387536759286,1.0096310408806155,-0.08019269397646259,-0.5119538789710942,-0.6253887679764593,0.5179048144404864,0.3775107537099539,-0.5781509257976254,-0.631484460289716,-0.6220735419461626,26.0
301,-0.09837387536759286,-0.9904608312436418,-0.08019269397646259,-0.5119538789710942,1.5990053726670834,1.6022138908275916,-2.035230870279379,1.5101025828740398,1.8115260940225046,2.2703444426716604,14.0
302,-0.09837387536759286,-0.9904608312436418,-0.08019269397646259,-0.5119538789710942,1.5990053726670834,1.060059352634039,-0.921657813053533,1.265372356073784,1.3298729990111742,1.2281578552496797,14.0
303,-0.09837387536759286,1.0096310408806155,-0.08019269397646259,-0.5119538789710942,-0.6253887679764593,-0.8374815310433951,-0.21639487681049713,-1.0413062917347857,-0.9099972922577154,-1.0031032683031853,34.5
304,-0.09837387536759286,1.0096310408806155,-0.08019269397646259,-0.5119538789710942,-0.6253887679764593,1.6022138908275916,-0.17927577490296906,-0.693959412883296,-0.7737158211552182,-0.13170153964650025,24.0
305,-0.09837387536759286,-0.9904608312436418,-0.08019269397646259,-0.5119538789710942,1.5990053726670834,0.24682754534371007,-0.36487128444061007,1.5679405966612001,1.1466210143990279,1.171651370059114,16.0
306,-0.09837387536759286,-0.9904608312436418,-0.08019269397646259,-0.5119538789710942,1.5990053726670834,1.3311366217308152,-0.921657813053533,1.2370080555936442,1.1466210143990279,1.171651370059114,14.0
307,-0.09837387536759286,-0.9904608312436418,-0.08019269397646259,1.9533009536127903,-0.6253887679764593,-1.3796360692369476,0.11767704035725678,0.5942680014871778,0.5533805292426333,0.28662916563861063,22.4
308,-0.09837387536759286,1.0096310408806155,-0.08019269397646259,-0.5119538789710942,-0.6253887679764593,-1.1085588001401714,0.7487017727852359,-0.44929047880547085,-0.6621628648506288,-0.8062331958313247,31.3
309,-0.09837387536759286,1.0096310408806155,-0.08019269397646259,-0.5119538789710942,-0.6253887679764593,-0.2953269928498425,1.1570118937680467,-1.6206129093287367,-1.4380528346241337,-1.5397073499506815,36.0
310,-0.09837387536759286,-0.9904608312436418,-0.08019269397646259,1.9533009536127903,-0.6253887679764593,-0.8374815310433951,1.008535486137933,0.12448195271754409,0.28593011525405293,-0.4490821381481891,19.8
311,-0.09837387536759286,1.0096310408806155,-0.08019269397646259,-0.5119538789710942,-0.6253887679764593,-1.3796360692369476,-0.9587769149610611,-0.6746395964397134,-0.44355740716436237,-0.4828515767063649,30.0
312,-0.09837387536759286,1.0096310408806155,-0.08019269397646259,-0.5119538789710942,-0.6253887679764593,-0.2953269928498425,0.15479614226478486,-1.1668144300818384,-1.0380481457990944,-0.517025449288978,33.5
